SALE TYPE,SOLD DATE,PROPERTY TYPE,ADDRESS,CITY,STATE OR PROVINCE,ZIP OR POSTAL CODE,PRICE,BEDS,BATHS,LOCATION,SQUARE FEET,LOT SIZE,YEAR BUILT,DAYS ON MARKET,$/SQUARE FEET,HOA/MONTH,STATUS,NEXT OPEN HOUSE START TIME,NEXT OPEN HOUSE END TIME,URL (SEE http://www.redfin.com/buy-a-home/comparative-market-analysis FOR INFO ON PRICING),SOURCE,MLS#,FAVORITE,INTERESTED,LATITUDE,LONGITUDE
MLS Listing,,Single Family Residential,6834 Domingo Dr,Rancho Murieta,CA,95683,549999,3,2.5,Rancho Murieta,2198,15002,1990,1,,143,Active,,,http://www.redfin.com/CA/Rancho-Murieta/6834-Domingo-Dr-95683/home/19337893,MetroList,19014593,N,Y,38.5029084,-121.0854377
MLS Listing,,Single Family Residential,710 Alamo Dr,MORGAN HILL,CA,95037,989888,5,3.0,MORGAN HILL,2670,7532,1977,1,371,,Active,March-13-2019 09:15 AM,March-13-2019 11:15 AM,http://www.redfin.com/CA/Morgan-Hill/710-Alamo-Dr-95037/home/951798,MLSListings,ML81742148,N,Y,37.1015162,-121.6430382
MLS Listing,,Single Family Residential,15465 Ramona Ave,Fontana,CA,92336,485000,4,3.5,264 - Fontana,2621,5566,2008,1,185,,Active,,,http://www.redfin.com/CA/Fontana/15465-Ramona-Ave-92336/home/4315199,CRMLS,IV19053966,N,Y,34.1144655,-117.467591
MLS Listing,,Condo/Co-op,685 Dartmore Ln #164,Hayward,CA,94544,458888,2,2.0,Hayward Hills,906,,1988,1,506,325,Active,March-16-2019 02:00 PM,March-16-2019 05:00 PM,http://www.redfin.com/CA/Hayward/685-Dartmore-Ln-94544/unit-164/home/2113711,Bridge MLS,40856283,N,Y,37.6337685,-122.0458647
MLS Listing,,Single Family Residential,18470 Fleetwood Ave,Castro Valley,CA,94546,748888,3,1.0,Castro Valley,1042,5000,1950,1,719,,Active,March-13-2019 10:00 AM,March-13-2019 01:00 PM,http://www.redfin.com/CA/Castro-Valley/18470-Fleetwood-Ave-94546/home/828794,Bridge MLS,40856272,N,Y,37.711402,-122.0783517
MLS Listing,,Condo/Co-op,3227 Guillermo Pl,Hayward,CA,94542,648888,2,2.5,Hayward Hills,1518,,1983,1,427,337,Active,March-16-2019 02:00 PM,March-16-2019 05:00 PM,http://www.redfin.com/CA/Hayward/3227-Guillermo-Pl-94542/unit-18/home/891530,Bridge MLS,40856266,N,Y,37.655405,-122.038907
MLS Listing,,Single Family Residential,249 Catalina Way,Vallejo,CA,94589,479000,4,3.0,Vallejo 6,1542,5663,1983,1,311,,Active,March-17-2019 01:00 PM,March-17-2019 04:00 PM,http://www.redfin.com/CA/Vallejo/249-Catalina-Way-94589/home/2265791,BAREIS,21904728,N,Y,38.1538979,-122.2720127
MLS Listing,,Single Family Residential,2 Roslyn Ct,DALY CITY,CA,94015,898000,3,2.0,DALY CITY,1200,3510,1958,1,748,,Active,March-12-2019 10:00 AM,March-12-2019 01:00 PM,http://www.redfin.com/CA/Daly-City/2-Roslyn-Ct-94015/home/1797461,MLSListings,ML81742058,N,Y,37.6932909,-122.4957448
MLS Listing,,Single Family Residential,1365 Brooke,Gardnerville,NV,89410-4827,379900,3,2.0,G/M Downtown,1560,10454,2004,2,244,60,Active,,,http://www.redfin.com/NV/Gardnerville/1365-Brooke-Way-89410/home/69080518,NNRMLS,190002919,N,Y,38.9416017,-119.7369904
MLS Listing,,Single Family Residential,932 Corte La Cienega,Camarillo,CA,93010,1875000,5,4.5,Camarillo,4846,44431,1999,2,387,,Active,,,http://www.redfin.com/CA/Camarillo/932-Corte-La-Cienega-93010/home/4458367,SBMLS,19-753,N,Y,34.2269974,-119.0938535
MLS Listing,,Single Family Residential,1311 Tiger Tail Dr,Riverside,CA,92506,879900,6,5.0,252 - Riverside,3583,22651,1958,3,246,,Active,,,http://www.redfin.com/CA/Riverside/1311-Tiger-Tail-Dr-92506/home/5019299,CRMLS,IV19052130,N,Y,33.9172088,-117.3750055
MLS Listing,,Multi-Family (2-4 Unit),5472 6th Ave,Los Angeles,CA,90043,589000,4,2.0,Park Hills Heights,1956,5380,1919,3,301,,Active,,,http://www.redfin.com/CA/Los-Angeles/5472-6th-Ave-90043/home/6864997,TheMLS,19-442076,N,Y,33.991058,-118.323299
MLS Listing,,Condo/Co-op,2001 Club Center Dr #1134,Sacramento,CA,95835,267500,2,2.5,North Sacramento/Natomas/Del Paso Heights,1154,,2006,3,,245,Active,,,http://www.redfin.com/CA/Sacramento/2001-Club-Center-Dr-95835/unit-1-134/home/22787275,MetroList,19012192,N,Y,38.6710772,-121.5047481
MLS Listing,,Single Family Residential,30592 Mirandela Ln,Laguna Niguel,CA,92677,1649000,4,2.5,LNSMT - Summit,3390,5500,1987,3,486,91,Active,,,http://www.redfin.com/CA/Laguna-Niguel/30592-Mirandela-Ln-92677/home/4936606,CRMLS,OC19051321,N,Y,33.5185976,-117.7223781
MLS Listing,,Single Family Residential,29297 Links,Lake Elsinore,CA,92530,470000,4,3.5,699 - Not Defined,2854,8276,2015,3,165,117,Active,,,http://www.redfin.com/CA/Lake-Elsinore/29297-Links-92530/home/103692344,CRMLS,SW19047056,N,Y,33.648538,-117.303854
MLS Listing,,Condo/Co-op,45 Chadron Cir,Ladera Ranch,CA,92694,475000,2,2.0,LD - Ladera Ranch,1251,,2001,3,380,434,Active,March-12-2019 10:00 AM,March-12-2019 12:00 PM,http://www.redfin.com/CA/Mission-Viejo/45-Chadron-Cir-92694/home/5888886,CRMLS,OC19052508,N,Y,33.5607712,-117.6476212
MLS Listing,,Single Family Residential,42450 Butterscotch Ln,Lancaster,CA,93536,330000,3,2.5,LAC - Lancaster,1934,6112,1990,3,171,,Active,,,http://www.redfin.com/CA/Quartz-Hill/42450-Butterscotch-Ln-93536/home/6258388,CRMLS,BB19052667,N,Y,34.65438,-118.230744
MLS Listing,,Single Family Residential,30769 Sky Terrace Dr,Temecula,CA,92592,429000,3,2.0,699 - Not Defined,1444,10454,1986,3,297,66,Active,,,http://www.redfin.com/CA/Temecula/30769-Sky-Terrace-Dr-92592/home/6200324,CRMLS,SW19046780,N,Y,33.5021901,-117.1228227
MLS Listing,,Single Family Residential,975 Payette Dr,Corona,CA,92881,515000,3,2.0,248 - Corona,1850,6098,2001,3,278,58,Active,,,http://www.redfin.com/CA/Corona/975-Payette-Dr-92881/unit-42/home/6334921,CRMLS,IV19052278,N,Y,33.8307647,-117.5628379
MLS Listing,,Multi-Family (2-4 Unit),6635 Irvine Ave,North Hollywood,CA,91606,1050000,6,3.0,NHO - North Hollywood,2440,7802,1924,3,430,,Active,,,http://www.redfin.com/CA/North-Hollywood/6635-Irvine-Ave-91606/home/5047473,CRMLS,BB19041211,N,Y,34.1913544,-118.3857981
MLS Listing,,Single Family Residential,30 Flora St,San Francisco,CA,94124,849000,2,2.0,Bayview,1050,2988,1907,3,809,,Active,March-12-2019 02:00 PM,March-12-2019 03:30 PM,http://www.redfin.com/CA/San-Francisco/30-Flora-St-94124/home/1005375,San Francisco MLS,482094,N,Y,37.7321895,-122.3944585
MLS Listing,,Single Family Residential,2085 Garden Ln,Costa Mesa,CA,92627,969900,3,2.5,C5 - East Costa Mesa,1856,2396,2002,3,523,140,Active,,,http://www.redfin.com/CA/Costa-Mesa/2085-Garden-Ln-92627/home/5899431,CRMLS,OC19052529,N,Y,33.6425928,-117.9031933
MLS Listing,,Single Family Residential,22972 Cedarspring,Lake Forest,CA,92630,699990,3,2.0,LS - Lake Forest South,1436,6820,1980,3,487,57,Active,,,http://www.redfin.com/CA/Lake-Forest/22972-Cedarspring-92630/home/4813398,CRMLS,OC19050037,N,Y,33.6289711,-117.6838282
MLS Listing,,Single Family Residential,16944 Beachwood Ln,Fontana,CA,92336,485000,4,3.0,264 - Fontana,2420,4109,2017,3,200,,Active,,,http://www.redfin.com/CA/Fontana/16944-Beachwood-Ln-92336/home/160571977,CRMLS,IV19051826,N,Y,34.118403145,-117.4346755
MLS Listing,,Townhouse,15735 Nordhoff St #11,North Hills,CA,91343,429500,3,3.0,NOH - North Hills,1437,178914,1981,3,299,375,Active,,,http://www.redfin.com/CA/North-Hills/15735-Nordhoff-St-91343/unit-11/home/5714442,CRMLS,BB19052339,N,Y,34.2362354,-118.4753647
MLS Listing,,Single Family Residential,12916 Williams Ranch Rd,Moorpark,CA,93021,729000,3,2.0,SMP - South Moorpark,1602,8860,1987,3,455,56,Active,,,http://www.redfin.com/CA/Moorpark/12916-Williams-Ranch-Rd-93021/home/4563377,CRMLS,BB19051995,N,Y,34.2661832,-118.8821852
MLS Listing,,Condo/Co-op,900 Bush St #304,San Francisco,CA,94109,868888,2,2.0,Downtown,882,,1982,3,985,1073,Active,March-12-2019 09:00 AM,March-12-2019 10:30 AM,http://www.redfin.com/CA/San-Francisco/900-Bush-St-94109/unit-304/home/1797522,San Francisco MLS,482072,N,Y,37.7899451,-122.4127266
MLS Listing,,Single Family Residential,5724 Wolfe St,Lakewood,CA,90713,539000,2,1.0,23 - Lakewood Park,936,5300,1951,3,576,,Active,,,http://www.redfin.com/CA/Lakewood/5724-Wolfe-St-90713/home/7552987,CRMLS,PW19044575,N,Y,33.8576578,-118.1205658
MLS Listing,,Single Family Residential,31832 Green Oak Way,Temecula,CA,92592,409999,3,2.5,201 - Temecula-West,1846,2237,2007,3,222,120,Active,,,http://www.redfin.com/CA/Temecula/31832-Green-Oak-Way-92592/home/17320609,CRMLS,SW19042077,N,Y,33.4593528,-117.1038713
MLS Listing,,Townhouse,545 Costa Azul,Sparks,NV,89436-7309,309900,2,2.0,Sparks-Suburban,1517,1742,2016,3,204,240,Active,,,http://www.redfin.com/NV/Sparks/545-Costa-Azul-Dr-89436/home/60223191,NNRMLS,190002842,N,Y,39.5814434,-119.7356802
MLS Listing,,Condo/Co-op,7715 Newman Ave #105,Huntington Beach,CA,92647,425000,2,2.0,15 - West Huntington Beach,1216,,1981,3,350,432,Active,,,http://www.redfin.com/CA/Huntington-Beach/7715-Newman-Ave-92647/unit-105/home/5701474,CRMLS,OC19050917,N,Y,33.704996,-117.993913
MLS Listing,,Single Family Residential,2016 Via Vina,San Clemente,CA,92673,947500,5,3.0,FR - Forster Ranch,2618,7670,1994,3,362,132,Active,,,http://www.redfin.com/CA/San-Clemente/2016-Via-Vina-92673/home/4982214,CRMLS,OC19046744,N,Y,33.4723975,-117.6232457
MLS Listing,,Townhouse,7211 Washington Ave,Whittier,CA,90602,580000,4,2.0,670 - Whittier,2522,6626,1905,3,230,,Active,,,http://www.redfin.com/CA/Whittier/7211-Washington-Ave-90602/home/7812666,CRMLS,PW19052125,N,Y,33.9768376,-118.035236
MLS Listing,,Condo/Co-op,2914 Fillmore St,San Francisco,CA,94123,1595000,3,1.5,Cow Hollow,1278,,1906,3,1248,578,Active,March-12-2019 10:00 AM,March-12-2019 11:30 AM,http://www.redfin.com/CA/San-Francisco/2914-Fillmore-St-94123/home/2010032,San Francisco MLS,482069,N,Y,37.796406,-122.4352004
MLS Listing,,Single Family Residential,3440 N Schneider Ave,Fresno,CA,93737,315000,3,2.75,Fresno,1692,3174,2009,3,186,,Active,,,http://www.redfin.com/CA/Fresno/3440-N-Schneider-Ave-93737/home/95990787,FRESNOMLS,519024,N,Y,36.785629,-119.6574992
MLS Listing,,Single Family Residential,865 W Cypress Ave,Redlands,CA,92373,718000,4,2.0,268 - Redlands,2043,18974,1974,3,351,,Active,,,http://www.redfin.com/CA/Redlands/865-W-Cypress-Ave-92373/home/3220929,CRMLS,EV19051091,N,Y,34.0421692,-117.1851791
MLS Listing,,Single Family Residential,26071 Casa Encantador Rd,Moreno Valley,CA,92555,306000,2,2.0,259 - Moreno Valley,1001,5663,1998,3,306,,Active,,,http://www.redfin.com/CA/Moreno-Valley/26071-Casa-Encantador-Rd-92555/home/5652740,CRMLS,EV19051123,N,Y,33.8974647,-117.2072777
MLS Listing,,Condo/Co-op,5009 Woodman Ave #306,Sherman Oaks,CA,91423,599000,2,2.0,Sherman Oaks,1240,41935,1978,4,483,426,Active,March-12-2019 11:00 AM,March-12-2019 02:00 PM,http://www.redfin.com/CA/Sherman-Oaks/5009-Woodman-Ave-91423/unit-306/home/4845699,TheMLS,19-435678,N,Y,34.1617309,-118.4316444
MLS Listing,,Single Family Residential,1810 Cloverdale Dr,Pomona,CA,91767,379999,3,1.0,687 - Pomona,1008,7784,1952,4,377,,Active,,,http://www.redfin.com/CA/Pomona/1810-Cloverdale-Dr-91767/home/7898846,CRMLS,PF19052041,N,Y,34.0768358,-117.7376351
MLS Listing,,Condo/Co-op,960 E Bonita Ave #156,Pomona,CA,91767,290000,2,2.0,687 - Pomona,955,354884,1979,4,304,305,Active,,,http://www.redfin.com/CA/Pomona/960-E-Bonita-Ave-91767/unit-156/home/7887498,CRMLS,PF19051970,N,Y,34.0951062,-117.733286
MLS Listing,,Single Family Residential,42010 Granado Pl,Temecula,CA,92590,1190000,5,4.0,202 - Temecula-Hills West,3266,235660,2005,4,364,39,Active,,,http://www.redfin.com/CA/Temecula/42010-Granado-Pl-92590/home/6194636,CRMLS,SW19030820,N,Y,33.5210269,-117.206371
MLS Listing,,Townhouse,1405 Saint James Pkwy,Concord,CA,94521,479000,3,2.5,Park Plaza,1576,1440,1972,4,304,135,Active,,,http://www.redfin.com/CA/Concord/1405-St-James-Pkwy-94521/home/1427245,Bridge MLS,40855943,N,Y,37.954653,-121.974754
MLS Listing,,Single Family Residential,23685 Arminta St,West Hills,CA,91304,939999,4,3.0,WEH - West Hills,2114,9423,1984,4,445,,Active,,,http://www.redfin.com/CA/West-Hills/23685-Arminta-St-91304/home/3060581,CRMLS,BB19051461,N,Y,34.2135239,-118.6436391
MLS Listing,,Condo/Co-op,46 Fringe Tree,Irvine,CA,92606,920000,3,2.5,CG - Columbus Grove,2472,,2007,4,372,405,Active,,,http://www.redfin.com/CA/Irvine/46-Fringe-Tree-92606/home/12257291,CRMLS,OC19027446,N,Y,33.6929675,-117.8163567
MLS Listing,,Single Family Residential,3 Station Inn Pl,Sacramento,CA,95835,475000,2,2.0,North Sacramento/Natomas/Del Paso Heights,1888,6787,2003,4,,262,Active,,,http://www.redfin.com/CA/Sacramento/3-Station-Inn-Pl-95835/home/19072355,MetroList,19013442,N,Y,38.6805778,-121.5182165
MLS Listing,,Condo/Co-op,131 Avellino Way,MOUNTAIN VIEW,CA,94043,1949000,4,3.5,MOUNTAIN VIEW,2047,695,2014,4,952,277,Active,,,http://www.redfin.com/CA/Mountain-View/131-Avellino-Way-94043/home/95955037,MLSListings,ML81741714,N,Y,37.3917807,-122.0646903
MLS Listing,,Single Family Residential,2714 Adriatic Way,Sacramento,CA,95826,399900,3,2.0,Sacramento Rosemont/College Greens/Mayhew,1574,5898,1975,4,,14,Active,,,http://www.redfin.com/CA/Sacramento/2714-Adriatic-Way-95826/home/19331985,MetroList,19013350,N,Y,38.5657324,-121.3585584
MLS Listing,,Single Family Residential,3275 Rainhill Loop,Roseville,CA,95747,509000,4,3.0,West Roseville/zip 95747,2295,6216,2012,4,,,Active,,,http://www.redfin.com/CA/Roseville/3275-Rainhill-Loop-95747/home/19588632,MetroList,19013439,N,Y,38.7681001,-121.3761626
MLS Listing,,Single Family Residential,5945 Country Manor Pl,Sacramento,CA,95835,499000,2,2.0,North Sacramento/Natomas/Del Paso Heights,2040,6948,2003,4,,252,Active,,,http://www.redfin.com/CA/Sacramento/5945-Country-Manor-Pl-95835/home/19070743,MetroList,19013429,N,Y,38.6838327,-121.5177973
MLS Listing,,Condo/Co-op,3624 Whitworth Dr,Dublin,CA,94568,749900,2,2.5,Dublin Ranch,1634,,2003,4,459,225,Active,,,http://www.redfin.com/CA/Dublin/3624-Whitworth-Dr-94568/home/648050,Bridge MLS,40855866,N,Y,37.708377,-121.867677
MLS Listing,,Townhouse,449 Cork Harbour Cir Unit H,REDWOOD CITY,CA,94065,989000,2,2.0,REDWOOD CITY,1136,441876,1985,4,871,523,Active,March-12-2019 10:00 AM,March-12-2019 01:00 PM,http://www.redfin.com/CA/Redwood-City/449-Cork-Harbour-Cir-94065/unit-H/home/2021039,MLSListings,ML81741700,N,Y,37.5324605,-122.2576769
MLS Listing,,Single Family Residential,9787 Joebar Cir,Elk Grove,CA,95757,460000,4,2.0,Elk Grove,1904,5589,2010,4,,,Active,,,http://www.redfin.com/CA/Elk-Grove/9787-Joebar-Cir-95757/home/22626527,MetroList,19013847,N,Y,38.4021162,-121.404625
MLS Listing,,Single Family Residential,780 Frayne Way,Sacramento,CA,95838,399500,3,2.5,North Sacramento/Natomas/Del Paso Heights,1840,6098,2013,4,,,Active,March-17-2019 12:00 PM,March-17-2019 03:00 PM,http://www.redfin.com/CA/Sacramento/780-Frayne-Way-95838/home/21893114,MetroList,19012443,N,Y,38.6513054,-121.448006
MLS Listing,,Single Family Residential,3136 Lines Ln,Carmichael,CA,95608,565000,4,2.5,Carmichael,2570,11238,2004,4,,,Active,,,http://www.redfin.com/CA/Carmichael/3136-Lines-Ln-95608/home/19068639,MetroList,19009679,N,Y,38.6223286,-121.3341808
MLS Listing,,Single Family Residential,22182 Crane St,Lake Forest,CA,92630,699988,3,2.0,LS - Lake Forest South,1821,5940,1977,4,384,80,Active,March-16-2019 01:00 PM,March-16-2019 04:00 PM,http://www.redfin.com/CA/Lake-Forest/22182-Crane-St-92630/home/4828663,CRMLS,OC19049858,N,Y,33.6403791,-117.7051952
MLS Listing,,Condo/Co-op,3686 Aviano Way,Dublin,CA,94568,925000,3,3.0,Dublin Ranch,2257,,2013,4,410,352,Active,,,http://www.redfin.com/CA/Dublin/3686-Aviano-Way-94568/home/40087497,Bridge MLS,40855839,N,Y,37.7112362,-121.8673527
MLS Listing,,Condo/Co-op,546 Holly Hock Ct,SAN JOSE,CA,95117,899999,2,2.5,SAN JOSE,1117,579,1985,4,806,347,Active,,,http://www.redfin.com/CA/San-Jose/546-Holly-Hock-Ct-95117/home/754896,MLSListings,ML81741650,N,Y,37.320858,-121.963598
MLS Listing,,Single Family Residential,42145 Tennessee Ave,Palm Desert,CA,92211,348000,3,2.0,Palm Desert East,1361,6098,1975,4,256,,Active,,,http://www.redfin.com/CA/Palm-Desert/42145-Tennessee-Ave-92211/home/5984627,PALM,19-441096PS,N,Y,33.7315694,-116.3276421
MLS Listing,,Single Family Residential,2193 Wayne Dr,Brentwood,CA,94513,899900,6,3.5,Sterling Preserve,4631,9375,2007,4,194,,Active,March-17-2019 01:00 PM,March-17-2019 04:00 PM,http://www.redfin.com/CA/Brentwood/2193-Wayne-Dr-94513/home/17168101,Bridge MLS,40855821,N,Y,37.9567112,-121.7137122
MLS Listing,,Single Family Residential,2546 Tejon St,Lodi,CA,95242,415000,3,2.0,Lodi/Woodbdg/Sunnyside Estates/Henderson Village,1625,5667,1994,4,,,Active,,,http://www.redfin.com/CA/Lodi/2546-Tejon-St-95242/home/19861097,MetroList,19013675,N,Y,38.1425761,-121.3083418
MLS Listing,,Single Family Residential,2100 44th Ave,San Francisco,CA,94116,988000,2,1.0,Outer Parkside,1120,2374,1942,5,882,,Active,March-12-2019 06:00 PM,March-12-2019 07:00 PM,http://www.redfin.com/CA/San-Francisco/2100-44th-Ave-94116/home/1636563,San Francisco MLS,482008,N,Y,37.747336,-122.5025865
MLS Listing,,Single Family Residential,12582 Ranchwood Rd,North Tustin,CA,92705,939900,3,2.0,NTS - North Tustin,1828,11110,1958,5,514,,Active,,,http://www.redfin.com/CA/Santa-Ana/12582-Ranchwood-Rd-92705/home/3499497,CRMLS,OC19050555,N,Y,33.7436665,-117.7914599
MLS Listing,,Single Family Residential,4783 Braemar St,Antioch,CA,94531,559900,4,3.0,Antioch,2661,6040,2015,5,210,,Active,,,http://www.redfin.com/CA/Antioch/4783-Braemar-St-94531/home/23129568,Bridge MLS,40855781,N,Y,37.9760847,-121.7568788
MLS Listing,,Condo/Co-op,267 Shadow Dance Dr,SAN JOSE,CA,95110,695000,2,2.0,SAN JOSE,871,908,1986,5,798,295,Active,,,http://www.redfin.com/CA/San-Jose/267-Shadow-Dance-Dr-95110/home/1403382,MLSListings,ML81741596,N,Y,37.31062,-121.879919
MLS Listing,,Single Family Residential,552 S Circulo Lazo,Anaheim,CA,92807,979000,4,2.5,699 - Not Defined,1865,18274,1973,5,525,,Active,,,http://www.redfin.com/CA/Anaheim/552-S-Circulo-Lazo-92807/home/4333802,CRMLS,OC19049592,N,Y,33.8447492,-117.7693822
MLS Listing,,Condo/Co-op,175 Russ St #14,San Francisco,CA,94103,995000,2,2.5,South of Market,1361,,2003,5,731,677,Active,,,http://www.redfin.com/CA/San-Francisco/175-Russ-St-94103/unit-14/home/12400905,San Francisco MLS,481974,N,Y,37.7781581,-122.4069909
MLS Listing,,Single Family Residential,15289 Dunes Way,Moreno Valley,CA,92555,409000,4,3.5,259 - Moreno Valley,2535,5227,1990,5,161,,Active,,,http://www.redfin.com/CA/Moreno-Valley/15289-Dunes-Way-92555/home/5173858,CRMLS,IV19050140,N,Y,33.898561,-117.173649
MLS Listing,,Single Family Residential,4778 W 191st St,Torrance,CA,90503,875000,3,1.0,131 - West Torrance,1098,7150,1954,5,797,,Active,,,http://www.redfin.com/CA/Torrance/4778-191st-St-90503/home/7714434,CRMLS,SB19044312,N,Y,33.8575434,-118.3611927
MLS Listing,,Single Family Residential,1723 Stanford Ave,Redondo Beach,CA,90278,998000,3,2.0,154 - N Redondo Bch/Golden Hills,1385,2505,1967,5,721,,Active,,,http://www.redfin.com/CA/Redondo-Beach/1723-Stanford-Ave-90278/home/6714756,CRMLS,SB19044326,N,Y,33.8706894,-118.3894042
MLS Listing,,Condo/Co-op,1 Linden Ln,Temple City,CA,91780,699000,3,2.5,661 - Temple City,1570,38519,2015,5,445,264,Active,,,http://www.redfin.com/CA/Temple-City/1-Linden-Ln-91780/home/143515703,CRMLS,PF19049652,N,Y,34.088039,-118.064851
MLS Listing,,Condo/Co-op,55 Page St #324,San Francisco,CA,94102,649000,0,1.0,Hayes Valley,438,,2008,5,1482,545,Active,,,http://www.redfin.com/CA/San-Francisco/55-Page-St-94102/unit-324/home/17306600,San Francisco MLS,481926,N,Y,37.7738899,-122.4218771
MLS Listing,,Condo/Co-op,2055 E Broadway #204,Long Beach,CA,90803,365000,1,1.0,"2 - Belmont Heights, Alamitos Heights",616,13440,1970,5,593,186,Active,,,http://www.redfin.com/CA/Long-Beach/2055-E-Broadway-90803/unit-204/home/7607698,CRMLS,PW19044589,N,Y,33.7674209,-118.1666338
MLS Listing,,Single Family Residential,28279 Canyon Crest Dr,Canyon Country,CA,91351,785000,5,3.0,CAN1 - Canyon Country 1,3556,7955,2003,5,221,75,Active,,,http://www.redfin.com/CA/Canyon-Country/28279-Canyon-Crest-Dr-91351/home/8109184,CRMLS,BB19050284,N,Y,34.4365757,-118.4640641
MLS Listing,,Single Family Residential,12892 Rosalind Dr,Santa Ana,CA,92705,762800,5,2.0,NTS - North Tustin,2042,7400,1954,5,374,,Active,,,http://www.redfin.com/CA/Santa-Ana/12892-Rosalind-Dr-92705/home/3419059,CRMLS,PW19050071,N,Y,33.7745884,-117.8258767
MLS Listing,,Single Family Residential,4788 Dogwood Ave,Seal Beach,CA,90740,919500,4,2.0,48 - College Park East,1914,5304,1968,5,480,,Active,,,http://www.redfin.com/CA/Seal-Beach/4788-Dogwood-Ave-90740/home/3928295,CRMLS,OC19049277,N,Y,33.777462,-118.0458015
MLS Listing,,Single Family Residential,1271 Vignola Ct,Brentwood,CA,94513,614900,4,2.0,Brentwood,2133,14222,2008,5,288,,Active,March-17-2019 01:00 PM,March-17-2019 04:00 PM,http://www.redfin.com/CA/Brentwood/1271-Vignola-Ct-94513/home/23401832,Bridge MLS,40855575,N,Y,37.92625,-121.7190338
MLS Listing,,Townhouse,1701 Camino De Villas,Burbank,CA,91501,845000,3,3.0,610 - Burbank,1493,985,1974,5,566,390,Active,,,http://www.redfin.com/CA/Burbank/1701-Cam-De-Villas-91501/home/7141209,CRMLS,BB19050152,N,Y,34.1949206,-118.2936357
MLS Listing,,Townhouse,21900 Roscoe Blvd #6,Canoga Park,CA,91304,379000,3,3.0,CP - Canoga Park,1558,34612,1979,5,243,210,Active,,,http://www.redfin.com/CA/Canoga-Park/21900-Roscoe-Blvd-91304/unit-6/home/3717881,CRMLS,BB19050138,N,Y,34.2190848,-118.6046417
MLS Listing,,Single Family Residential,91 Lavender,Lake Forest,CA,92630,849999,3,2.5,BK - Baker Ranch,1595,3421,2017,6,533,199,Active,,,http://www.redfin.com/CA/Lake-Forest/91-Lavender-92610/home/110292422,CRMLS,OC19043649,N,Y,33.673823096,-117.6828377
MLS Listing,,Single Family Residential,5377 Sunrise Meadows Ln,Oakley,CA,94561,425000,3,2.5,Vintage Parkway,1419,3000,1988,6,300,50,Active,March-17-2019 01:00 PM,March-17-2019 04:00 PM,http://www.redfin.com/CA/Oakley/5377-Sunrise-Meadows-Ln-94561/home/1551746,Bridge MLS,40855550,N,Y,38.0041927,-121.7236315
MLS Listing,,Single Family Residential,7246 Canopy Ln,Eastvale,CA,92880,928888,5,5.0,249 - Eastvale,4949,13504,2006,6,188,,Active,,,http://www.redfin.com/CA/Corona/7246-Canopy-Ln-92880/home/12270175,CRMLS,IV19049878,N,Y,33.9563119,-117.57274
MLS Listing,,Townhouse,2003 Nelson Ave #2,Redondo Beach,CA,90278,739000,2,2.5,151 - N Redondo Bch/Villas North,1188,15002,1979,6,622,250,Active,,,http://www.redfin.com/CA/Redondo-Beach/2003-Nelson-Ave-90278/unit-2/home/6688347,CRMLS,SB19049809,N,Y,33.8749926,-118.3765608
MLS Listing,,Single Family Residential,8678 Los Altos Dr,Buena Park,CA,90620,725000,4,3.0,82 - Buena Park,1976,6600,1955,6,367,,Active,,,http://www.redfin.com/CA/Buena-Park/8678-Los-Altos-Dr-90620/home/4026805,CRMLS,OC19047565,N,Y,33.8367001,-118.0320341
MLS Listing,,Single Family Residential,3280 Casino Dr,Thousand Oaks,CA,91362,949900,4,3.0,TOE - Thousand Oaks East,2987,9672,1982,6,318,265,Active,,,http://www.redfin.com/CA/Thousand-Oaks/3280-Casino-Dr-91362/home/4589970,CRMLS,BB19049036,N,Y,34.2245805,-118.8437725
MLS Listing,,Single Family Residential,1415 23rd St,Santa Monica,CA,90404,1498000,3,1.5,Santa Monica,828,1670,1913,6,1809,,Active,,,http://www.redfin.com/CA/Santa-Monica/1415-23rd-St-90404/home/6767527,PALM,19-439704PS,N,Y,34.030476,-118.4768958
MLS Listing,,Single Family Residential,7262 7th Ave,Tahoma,CA,96142,585000,3,2.0,Tahoe Cedars,1461,,1961,6,400,,Active,,,http://www.redfin.com/CA/Tahoma/7262-7th-Ave-96142/home/22264767,TSMLS,20190334,N,Y,39.0582932,-120.1314709
MLS Listing,,Single Family Residential,17247 Sandalwood Way,MORGAN HILL,CA,95037,1298000,5,3.0,MORGAN HILL,2988,9592,1992,7,434,,Active,,,http://www.redfin.com/CA/Morgan-Hill/17247-Sandalwood-Way-95037/home/1745702,MLSListings,ML81741275,N,Y,37.1402634,-121.6174796
MLS Listing,,Single Family Residential,531 N Lamer St,Burbank,CA,91506,975000,4,3.0,610 - Burbank,2144,6495,1924,7,455,,Active,,,http://www.redfin.com/CA/Burbank/531-N-Lamer-St-91506/home/5333703,CRMLS,BB19048789,N,Y,34.1729498,-118.3295518
MLS Listing,,Single Family Residential,31795 Fille Dr,Winchester,CA,92596,399999,4,2.0,219 - Winchester-South,2030,9148,2000,7,197,30,Active,,,http://www.redfin.com/CA/Winchester/31795-Fille-Dr-92596/home/12276495,CRMLS,SW19039571,N,Y,33.5985842,-117.1045
MLS Listing,,Single Family Residential,3324 Heliotrop St,Hemet,CA,92543,331999,4,2.0,220 - Sage-Southwest Hemet,1951,8276,2015,7,170,175,Active,,,http://www.redfin.com/CA/Hemet/3324-Heliotrop-St-92543/home/22530361,CRMLS,SW19048776,N,Y,33.689231,-116.969936
MLS Listing,,Single Family Residential,3749 E Pacific Ave,Sacramento,CA,95820,379000,2,1.0,Sacramento Elder Creek/Fruitridge,1026,5663,1930,7,,,Active,,,http://www.redfin.com/CA/Sacramento/3749-E-Pacific-Ave-95820/home/19416912,MetroList,19012346,N,Y,38.539554,-121.479524
MLS Listing,,Single Family Residential,246 Appaloosa Dr,Hemet,CA,92545,300000,3,2.0,223 - Hemet/San Jacinto,2457,7405,2009,7,122,,Active,,,http://www.redfin.com/CA/Hemet/246-Appaloosa-Dr-92545/home/22796415,CRMLS,SW19048434,N,Y,33.7488264,-117.0205134
MLS Listing,,Single Family Residential,376 E 228th St,Carson,CA,90745,690000,5,2.0,139 - South Carson,1792,4893,1951,7,385,,Active,,,http://www.redfin.com/CA/Carson/376-E-228th-St-90745/home/7635702,CRMLS,SB19044578,N,Y,33.8189385,-118.2687533
MLS Listing,,Single Family Residential,5856 E Atchison St,Fresno,CA,93727,299900,4,2.0,Fresno,2062,6780,2005,7,145,,Active,,,http://www.redfin.com/CA/Fresno/5856-E-Atchison-St-93727/home/95977127,FRESNOMLS,518708,N,Y,36.7202036,-119.6879853
MLS Listing,,Vacant Land,78215 Monte Sereno Cir,Indian Wells,CA,92210,449000,,,Indian Wells,,25265,,9,,,Active,,,http://www.redfin.com/CA/Indian-Wells/78215-Monte-Sereno-Cir-92210/home/160575051,PALM,19-439790PS,N,Y,33.71354,-116.2997699
MLS Listing,,Condo/Co-op,2001 Club Center Dr #8119,Sacramento,CA,95835,219000,1,1.0,North Sacramento/Natomas/Del Paso Heights,803,,2006,9,,217,Active,,,http://www.redfin.com/CA/Sacramento/2001-Club-Center-Dr-95835/unit-8119/home/19048695,MetroList,19012204,N,Y,38.6710772,-121.5047481
MLS Listing,,Townhouse,2610 Vanderbilt Ln Unit A,Redondo Beach,CA,90278,959000,3,2.5,152 - N Redondo Bch/Villas South,1826,7506,2004,10,525,,Active,,,http://www.redfin.com/CA/Redondo-Beach/2610-Vanderbilt-Ln-90278/unit-A/home/8142654,CRMLS,SB19047079,N,Y,33.8716351,-118.3633384
MLS Listing,,Single Family Residential,3656 Fredonia Dr,Los Angeles,CA,90068,799000,2,2.0,C20 - Hollywood,1067,3546,1947,10,749,,Active,,,http://www.redfin.com/CA/Los-Angeles/3656-Fredonia-Dr-90068/home/5310560,CRMLS,PF19046972,N,Y,34.1338458,-118.3610557
MLS Listing,,Condo/Co-op,1900 Danbrook Dr #1225,Sacramento,CA,95835,231500,1,1.0,North Sacramento/Natomas/Del Paso Heights,984,,2005,10,,303,Active,,,http://www.redfin.com/CA/Sacramento/1900-Danbrook-Dr-95835/unit-1225/home/19056567,MetroList,19012189,N,Y,38.6686884,-121.5052111
MLS Listing,,Multi-Family (2-4 Unit),508 16th St,Sacramento,CA,95814,799000,7,3.0,Sacramento Downtown/Midtown,2556,3049,1940,10,,,Active,,,http://www.redfin.com/CA/Sacramento/508-16th-St-95814/home/19445906,MetroList,19012182,N,Y,38.583277033,-121.4831283
MLS Listing,,Single Family Residential,17025 Spring Canyon Pl,Riverside,CA,92503,578000,4,4.5,252 - Riverside,3450,7405,2007,10,168,158,Active,,,http://www.redfin.com/CA/Riverside/17025-Spring-Canyon-Pl-92503/home/17337850,CRMLS,IV19037512,N,Y,33.8723251,-117.4856899
MLS Listing,,Single Family Residential,1808 Winmar Dr,Glassell Park,CA,90065,699000,2,1.75,623 - Glassel Park,816,7942,1924,10,857,,Active,,,http://www.redfin.com/CA/Los-Angeles/1808-Winmar-Dr-90065/home/7075277,CRMLS,PF19046792,N,Y,34.1029113,-118.2261414
MLS Listing,,Single Family Residential,39507 Northgate,Temecula,CA,92591,549000,5,3.0,209 - Temecula-North,3149,7405,2005,10,174,,Active,,,http://www.redfin.com/CA/Temecula/39507-Northgate-Pkwy-92591/home/6466209,CRMLS,SW19045215,N,Y,33.5470181,-117.1225304
MLS Listing,,Condo/Co-op,5704 Camino Del Cielo #604,Bonsall,CA,92003,319900,2,2.5,Bonsall,1137,134091,1991,10,281,295,Active,,,http://www.redfin.com/CA/Bonsall/5704-Cam-Del-Cielo-92003/unit-604/home/3131841,SDMLS,190011418,N,Y,33.294171,-117.2103145
MLS Listing,,Condo/Co-op,70 Twin Flower,Irvine,CA,92620,925000,3,2.5,CV - Cypress Village,1846,,2014,10,501,135,Active,,,http://www.redfin.com/CA/Irvine/70-Twin-Flower-92620/home/112719414,CRMLS,OC19045931,N,Y,33.6824959,-117.7591515
MLS Listing,,Single Family Residential,2636 Maxwell Ave,Oakland,CA,94619,799000,4,3.0,Maxwell  Park,2169,4816,1922,10,368,,Active,March-16-2019 02:00 PM,March-16-2019 04:00 PM,http://www.redfin.com/CA/Oakland/2636-Maxwell-Ave-94619/home/559640,Bridge MLS,40855141,N,Y,37.7775552,-122.1975077
MLS Listing,,Single Family Residential,15539 Syracuse Ln,Fontana,CA,92336,568000,4,4.0,264 - Fontana,3664,6028,2006,10,155,206,Active,,,http://www.redfin.com/CA/Fontana/15539-Syracuse-Ln-92336/home/12142488,CRMLS,IV19045988,N,Y,34.156304,-117.4657099
MLS Listing,,Townhouse,235 Sandy Point Trl,Palm Springs,CA,92262,339000,2,2.5,Palm Springs North End,1306,1193,2007,10,260,325,Active,,,http://www.redfin.com/CA/Palm-Springs/235-Sandy-Point-Trl-92262/home/12498424,PALM,19-439410PS,N,Y,33.8628167,-116.5446411
MLS Listing,,Single Family Residential,4132 Clayton Ave,Los Angeles,CA,90027,1098000,5,2.0,Los Feliz,1380,6569,1920,10,796,,Active,,,http://www.redfin.com/CA/Los-Angeles/4132-Clayton-Ave-90027/home/7061233,TheMLS,19-439374,N,Y,34.0998302,-118.2817826
MLS Listing,,Single Family Residential,6502 Kingbird Ct,Rocklin,CA,95765,569900,5,3.0,West Rocklin/Zip 95765,3027,6103,2001,10,,,Active,,,http://www.redfin.com/CA/Rocklin/6502-Kingbird-Ct-95765/home/19633453,MetroList,19011481,N,Y,38.8010759,-121.2925649
MLS Listing,,Townhouse,1840 Orizaba Ave,Signal Hill,CA,90755,574999,3,3.0,8 - Signal Hill,1630,24228,2013,10,353,313,Active,,,http://www.redfin.com/CA/Signal-Hill/1840-Orizaba-Ave-90755/home/44594786,CRMLS,PW19037631,N,Y,33.790728,-118.1566388
MLS Listing,,Townhouse,4982 Bishop St,Cypress,CA,90630,489990,2,2.0,"57 - Cypress N of Orangewood, S Of Katella",1006,,2002,10,487,150,Active,,,http://www.redfin.com/CA/Cypress/4982-Bishop-St-90630/home/5918860,CRMLS,PW19044553,N,Y,33.830487,-118.046518
MLS Listing,,Single Family Residential,3405 Bellaire Ave,Clovis,CA,93619,297000,2,1.75,Clovis,1308,5100,2014,10,227,,Active,,,http://www.redfin.com/CA/Clovis/3405-Bellaire-Ave-93619/home/72702568,FRESNOMLS,518603,N,Y,36.7923209,-119.6451625
MLS Listing,,Single Family Residential,1301 Villa Terrace Dr,Bay Point,CA,94565,744500,5,4.0,San Marco,3098,5040,2016,10,240,,Active,,,http://www.redfin.com/CA/Bay-Point/1301-Villa-Terrace-Dr-94565/home/95952291,Bridge MLS,40855055,N,Y,38.018979,-121.9744621
MLS Listing,,Single Family Residential,24495 Kings Vw,Laguna Niguel,CA,92677,825000,4,2.5,LNLAK - Lake Area,1692,4539,1991,11,488,125,Active,,,http://www.redfin.com/CA/Laguna-Niguel/24495-Kings-Vw-92677/home/4925428,CRMLS,OC19043560,N,Y,33.5355855,-117.7022167
MLS Listing,,Townhouse,11439 Excelsior Dr Unit D,Norwalk,CA,90650,569000,3,2.5,M1 - Norwalk,1570,43864,2016,11,362,273,Active,,,http://www.redfin.com/CA/Norwalk/11439-Excelsior-Dr-90650/unit-D/home/112842392,CRMLS,PW19041954,N,Y,33.8954956,-118.0899862
MLS Listing,,Condo/Co-op,48860 Phlox Pl,Palm Desert,CA,92260,429957,3,3.0,Palm Desert South,1803,1742,1973,11,238,575,Active,,,http://www.redfin.com/CA/Palm-Desert/48860-Phlox-Pl-92260/home/6027510,PALM,19-439132PS,N,Y,33.6930793,-116.3840456
MLS Listing,,Single Family Residential,1372 Folsom Meadows Cir,Folsom,CA,95630,619000,4,3.0,Folsom & Vicinity,2375,3428,2014,11,,159,Active,,,http://www.redfin.com/CA/Folsom/1372-Folsom-Meadows-Cir-95630/home/57376177,MetroList,19011362,N,Y,38.6864925,-121.1181188
MLS Listing,,Single Family Residential,2827 Valcourt Way,Tracy,CA,95377,455000,3,2.5,Tracy Central,1388,3629,1993,11,,,Active,,,http://www.redfin.com/CA/Tracy/2827-Valcourt-Way-95377/home/19754111,MetroList,19012264,N,Y,37.7100787,-121.4385425
MLS Listing,,Single Family Residential,2112 N Stockton St,Stockton,CA,95204,349000,3,2.0,Central Stockton,1553,5001,2000,11,,,Active,,,http://www.redfin.com/CA/Stockton/2112-N-Stockton-St-95204/home/19810066,MetroList,19012374,N,Y,37.968613,-121.3085429
MLS Listing,,Single Family Residential,36 Glenbrook Ave,DALY CITY,CA,94015,898000,3,2.0,DALY CITY,1160,3600,1958,11,774,,Active,,,http://www.redfin.com/CA/Daly-City/36-Glenbrook-Ave-94015/home/1990217,MLSListings,ML81740784,N,Y,37.681872,-122.4860176
MLS Listing,,Single Family Residential,6955 Rubio Ave,Lake Balboa,CA,91406,694500,4,3.0,LKBL - Lake Balboa,2033,5050,1966,11,342,,Active,,,http://www.redfin.com/CA/Van-Nuys/6955-Rubio-Ave-91406/home/4505632,CRMLS,BB19045445,N,Y,34.197162,-118.495829
MLS Listing,,Condo/Co-op,230 Cinnamon Teal,Aliso Viejo,CA,92656,439000,2,2.0,AV - Aliso Viejo,942,2391,1990,11,466,407,Active,,,http://www.redfin.com/CA/Aliso-Viejo/230-Cinnamon-Teal-92656/home/5611623,CRMLS,OC19043692,N,Y,33.599126466,-117.7454967
MLS Listing,,Single Family Residential,1538 20Th Ave,Oakland,CA,94606,549999,2,1.0,San Antonio Park,888,2500,1921,11,619,,Active,,,http://www.redfin.com/CA/Oakland/1538-20th-Ave-94606/home/1680371,Bridge MLS,40854910,N,Y,37.7871461,-122.2385118
MLS Listing,,Single Family Residential,726 Sunnyhill Dr,Mount Washington,CA,90065,920000,3,2.5,680 - Mount Washington,1649,3197,1992,11,558,,Active,,,http://www.redfin.com/CA/Los-Angeles/726-Sunnyhill-Dr-90065/home/7075776,CRMLS,PF19043425,N,Y,34.1067815,-118.2116914
MLS Listing,,Single Family Residential,46420 Volare Rd,Temecula,CA,92590,1199000,4,3.0,202 - Temecula-Hills West,4393,298822,1988,11,273,,Active,,,http://www.redfin.com/CA/Temecula/46420-Volare-Rd-92590/home/56334362,CRMLS,SW19042725,N,Y,33.4566081,-117.2317323
MLS Listing,,Single Family Residential,6611 Mount Baldy Cir,Buena Park,CA,90620,628000,3,1.5,82 - Buena Park,1032,7812,1960,11,609,,Active,,,http://www.redfin.com/CA/Buena-Park/6611-Mt-Baldy-Cir-90620/home/3662701,CRMLS,PW19045046,N,Y,33.8218719,-118.0172822
MLS Listing,,Single Family Residential,6532 E Wardlow Rd,Long Beach,CA,90808,624999,3,1.0,"33 - Lakewood Plaza, Rancho",1054,6153,1953,11,593,,Active,,,http://www.redfin.com/CA/Long-Beach/6532-E-Wardlow-Rd-90808/home/7500343,CRMLS,PW19040741,N,Y,33.8185481,-118.1040152
MLS Listing,,Single Family Residential,34619 Low Bench St,Murrieta,CA,92563,449000,3,2.5,208 - Murrieta-East,2607,7405,2014,11,172,35,Active,,,http://www.redfin.com/CA/Murrieta/34619-Low-Bench-St-92563/home/62298713,CRMLS,SW19043381,N,Y,33.6173177,-117.1355519
MLS Listing,,Single Family Residential,17935 Rosita St,Encino,CA,91316,875000,3,2.0,ENC - Encino,1462,5251,1948,11,598,,Active,,,http://www.redfin.com/CA/Encino/17935-Rosita-St-91316/home/4292747,CRMLS,BB19045115,N,Y,34.1574497,-118.5232754
MLS Listing,,Single Family Residential,2065 Hidden Cove Ct,Colton,CA,92324,762000,5,3.5,273 - Colton,4527,8556,2007,11,168,,Active,,,http://www.redfin.com/CA/Colton/2065-Hidden-Cove-Ln-92324/home/12133537,CRMLS,EV19043426,N,Y,34.03398,-117.284644
MLS Listing,,Single Family Residential,304 Virginia Ave,Santa Ana,CA,92706,799900,4,2.5,70 - Santa Ana North of First,2165,7259,1953,11,369,,Active,,,http://www.redfin.com/CA/Santa-Ana/304-E-Virginia-Ave-92706/home/4462325,CRMLS,OC19036609,N,Y,33.7710805,-117.864728
MLS Listing,,Single Family Residential,2510 Apple Tree Way,GILROY,CA,95020,750000,3,2.5,GILROY,1870,3764,2016,12,401,101,Active,,,http://www.redfin.com/CA/Gilroy/2510-Apple-Tree-Way-95020/home/113206970,MLSListings,ML81740654,N,Y,37.0097115,-121.6168261
MLS Listing,,Condo/Co-op,88 Bush St #4198,SAN JOSE,CA,95126,959000,2,2.0,SAN JOSE,1275,21845,2008,12,752,467,Active,,,http://www.redfin.com/CA/San-Jose/88-Bush-St-95126/unit-4198/home/17290934,MLSListings,ML81740652,N,Y,37.3295478,-121.9042968
MLS Listing,,Condo/Co-op,1428 Allium Ct Unit A,Beaumont,CA,92223,295000,3,3.0,263 - Banning/Beaumont/Cherry Valley,1725,1307,2015,12,171,108,Active,,,http://www.redfin.com/CA/Beaumont/1428-Allium-Ct-92223/unit-A/home/112790163,CRMLS,IV19043408,N,Y,33.947837,-116.96102
MLS Listing,,Single Family Residential,27303 Albion Ct,Temecula,CA,92591,519900,3,2.5,209 - Temecula-North,2827,6534,2012,12,184,95,Active,,,http://www.redfin.com/CA/Temecula/27303-Albion-Ct-92591/home/22814899,CRMLS,SW19042600,N,Y,33.5423458,-117.1634443
MLS Listing,,Single Family Residential,4706 Stacy St,Oakland,CA,94605,849000,3,2.5,Grass Valley,1714,6000,1955,12,495,,Active,,,http://www.redfin.com/CA/Oakland/4706-Stacy-St-94605/home/1078540,Bridge MLS,40854736,N,Y,37.7542068,-122.1264558
MLS Listing,,Single Family Residential,4040 Burckhalter Ave,Oakland,CA,94605,599000,3,1.0,Millmont,1116,5310,1950,12,537,,Active,,,http://www.redfin.com/CA/Oakland/4040-Burckhalter-Ave-94605/home/1744671,Bridge MLS,40854734,N,Y,37.7759659,-122.1658905
MLS Listing,,Single Family Residential,3334 Blue Ridge Ct,Westlake Village,CA,91362,999000,5,3.0,WV - Westlake Village,2637,8421,1978,13,379,,Active,,,http://www.redfin.com/CA/Westlake-Village/3334-Blue-Ridge-Ct-91362/home/4677526,CRMLS,BB19044049,N,Y,34.167015,-118.830586
MLS Listing,,Single Family Residential,12720 Catalpa Ave,Desert Hot Springs,CA,92240,210000,3,2.0,Desert Hot Springs,,7542,1977,13,,,Active,,,http://www.redfin.com/CA/Desert-Hot-Springs/12720-Catalpa-Ave-92240/home/6002924,PALM,19-438294PS,N,Y,33.9561441,-116.4673581
MLS Listing,,Single Family Residential,515 London Dr,GILROY,CA,95020,740000,5,3.0,GILROY,2590,8550,1979,13,286,,Active,,,http://www.redfin.com/CA/Gilroy/515-London-Dr-95020/home/1024202,MLSListings,ML81740450,N,Y,36.9952945,-121.5701352
MLS Listing,,Single Family Residential,14904 Cole Dr,SAN JOSE,CA,95124,1650000,3,2.0,SAN JOSE,1739,11250,1950,13,949,,Active,,,http://www.redfin.com/CA/San-Jose/14904-Cole-Dr-95124/home/887980,MLSListings,ML81740359,N,Y,37.2534517,-121.929556
MLS Listing,,Townhouse,36961 Newark Blvd Unit A,Newark,CA,94560,699000,3,2.5,Foxwood,1330,122839,1987,13,526,384,Active,,,http://www.redfin.com/CA/Newark/36961-Newark-Blvd-94560/unit-A/home/1577106,Bridge MLS,40854610,N,Y,37.536732,-122.032155
MLS Listing,,Single Family Residential,5053 Shady Trail St,Simi Valley,CA,93063,1125000,5,4.5,SVE - East Simi,4123,14379,2005,14,273,,Active,,,http://www.redfin.com/CA/Simi-Valley/5053-Shady-Trail-St-93063/home/4739712,CRMLS,BB19042976,N,Y,34.3025884,-118.6954956
MLS Listing,,Single Family Residential,13430 Preciado Ave,Chino,CA,91710,500888,3,2.0,681 - Chino,1651,7215,1976,14,303,,Active,,,http://www.redfin.com/CA/Chino/13430-Preciado-Ave-91710/home/3950831,CRMLS,IV19039873,N,Y,34.0092481,-117.7126184
MLS Listing,,Single Family Residential,3134 Lenark Dr,SAN JOSE,CA,95132,1149999,3,2.0,SAN JOSE,1376,7034,1972,14,836,,Active,,,http://www.redfin.com/CA/San-Jose/3134-Lenark-Dr-95132/home/1606231,MLSListings,ML81740225,N,Y,37.3940004,-121.8486331
MLS Listing,,Multi-Family (2-4 Unit),1509 Benton St,Alameda,CA,94501,1199000,4,3.0,West Alameda,2234,7500,1892,16,537,,Active,,,http://www.redfin.com/CA/Alameda/1509-Benton-St-94501/home/1535891,Bridge MLS,40854440,N,Y,37.7733471,-122.2611128
MLS Listing,,Single Family Residential,684 E Lily St,Palm Springs,CA,92262,494500,3,2.0,Palm Springs North End,1777,7841,1999,17,278,285,Active,,,http://www.redfin.com/CA/Palm-Springs/684-E-Lily-St-92262/home/5665588,PALM,19-437326PS,N,Y,33.8571174,-116.5395469
MLS Listing,,Single Family Residential,1125 Clark Tunnel Rd,Penryn,CA,95663,1125000,5,3.5,Penryn/Zip 95663,4933,130680,2005,17,,,Active,,,http://www.redfin.com/CA/Penryn/1125-Clark-Tunnel-Rd-95663/home/19568593,MetroList,19010988,N,Y,38.8668926,-121.1725669
MLS Listing,,Condo/Co-op,311 Oak St #807,Oakland,CA,94607,599000,1,1.0,Jack London Sq,820,,2003,17,730,585,Active,,,http://www.redfin.com/CA/Oakland/311-Oak-St-94607/unit-807/home/1415670,Bridge MLS,40854398,N,Y,37.7940646,-122.2679789
MLS Listing,,Single Family Residential,12030 Sycamore Ln,Garden Grove,CA,92843,555999,3,2.5,"64 - Garden Grove E of Euclid, W of Harbor",1407,2086,1999,17,395,155,Active,,,http://www.redfin.com/CA/Garden-Grove/12030-Sycamore-Ln-92843/home/3483086,CRMLS,OC19038438,N,Y,33.7735796,-117.9230923
MLS Listing,,Single Family Residential,759 Pine Ave,Pinole,CA,94564,499000,2,2.0,Contra Costa,1122,4212,1947,17,445,,Active,,,http://www.redfin.com/CA/Pinole/759-Pine-Ave-94564/home/981049,BAREIS,21903692,N,Y,38.0037565,-122.2977517
MLS Listing,,Single Family Residential,8343 Avenida Castro,Rancho Cucamonga,CA,91730,519000,4,2.0,688 - Rancho Cucamonga,1426,7194,1978,17,364,,Active,,,http://www.redfin.com/CA/Rancho-Cucamonga/8343-Avenida-Castro-91730/home/3295780,CRMLS,IV19040351,N,Y,34.1022414,-117.6025694
MLS Listing,,Single Family Residential,40294 Medford Rd,Temecula,CA,92591,539000,4,3.0,209 - Temecula-North,2774,6534,2005,17,194,95,Active,,,http://www.redfin.com/CA/Temecula/40294-Medford-Rd-92591/home/12268067,CRMLS,SW19040628,N,Y,33.5362848,-117.163216
MLS Listing,,Condo/Co-op,835 Locust Ave #518,Long Beach,CA,90813,659999,2,1.0,"4 - Downtown Area, Alamitos Beach",1951,46156,2005,17,338,520,Active,,,http://www.redfin.com/CA/Long-Beach/835-Locust-Ave-90813/unit-518/home/8150191,CRMLS,PW19033471,N,Y,33.777309,-118.1915733
MLS Listing,,Single Family Residential,4828 Hamilton St,Sacramento,CA,95841,425000,4,2.0,Sacramento Arden/Arcade Creek/Vicinity,2124,10542,1988,17,,,Active,,,http://www.redfin.com/CA/Sacramento/4828-Hamilton-St-95841/home/19188107,MetroList,19010701,N,Y,38.6530454,-121.3641025
MLS Listing,,Condo/Co-op,40891 Belleray Ave,Murrieta,CA,92562,375555,4,3.5,207 - Murrieta-Central,2183,436,2015,17,172,238,Active,,,http://www.redfin.com/CA/Murrieta/40891-Belleray-Ave-92562/unit-10/home/76424564,CRMLS,SW19023169,N,Y,33.5745989,-117.2117132
MLS Listing,,Single Family Residential,136 Hastings Ave,Ventura,CA,93003,619000,3,2.0,Ventura,1138,6969,1957,17,544,,Active,,,http://www.redfin.com/CA/Ventura/136-Hastings-Ave-93003/home/4407251,SBMLS,19-569,N,Y,34.2808788,-119.2156095
MLS Listing,,Single Family Residential,2514 Blacktail Ct,Antioch,CA,94531,519900,4,2.5,Country Hills,2289,8417,1994,17,227,,Active,,,http://www.redfin.com/CA/Antioch/2514-Blacktail-Ct-94531/home/1842080,Bridge MLS,40854271,N,Y,37.9729724,-121.7806478
MLS Listing,,Single Family Residential,11791 Morgan Ln,Garden Grove,CA,92840,749000,3,2.0,"62 - Garden Grove N of Chapman, W of Euclid",1643,7480,1955,17,456,,Active,,,http://www.redfin.com/CA/Garden-Grove/11791-Morgan-Ln-92840/home/3403175,CRMLS,OC19038437,N,Y,33.7915649,-117.9249459
MLS Listing,,Condo/Co-op,626 Lake St #44,Huntington Beach,CA,92648,695000,2,2.5,15 - West Huntington Beach,1320,9999,1989,17,527,424,Active,,,http://www.redfin.com/CA/Huntington-Beach/626-Lake-St-92648/unit-44/home/5557221,CRMLS,OC19038252,N,Y,33.6636768,-117.9973947
MLS Listing,,Condo/Co-op,303 Genoa St Unit B,Arcadia,CA,91006,959888,3,3.0,605 - Arcadia,2348,9703,1996,17,409,,Active,,,http://www.redfin.com/CA/Arcadia/303-Genoa-St-91006/unit-B/home/7234428,CRMLS,BB19040401,N,Y,34.1327264,-118.0232141
MLS Listing,,Single Family Residential,7281 Mira Vista Ave,San Bernardino,CA,92410,296900,3,2.0,274 - San Bernardino,1064,8600,1947,17,279,,Active,,,http://www.redfin.com/CA/San-Bernardino/7281-Mira-Vista-Ave-92410/home/3433908,CRMLS,EV19039962,N,Y,34.121899,-117.2446699
MLS Listing,,Condo/Co-op,8468 E Tioga Way,Anaheim Hills,CA,92808,524800,3,2.5,77 - Anaheim Hills,1250,,1998,17,420,225,Active,,,http://www.redfin.com/CA/Anaheim/8468-E-Tioga-Way-92808/home/5238422,CRMLS,PW19040203,N,Y,33.8587179,-117.7287271
MLS Listing,,Single Family Residential,7797 Sierra Dr,Granite Bay,CA,95746,689000,3,2.0,Granite Bay/Zip 95746,2083,11722,1969,18,,,Active,,,http://www.redfin.com/CA/Granite-Bay/7797-Sierra-Dr-95746/home/19557601,MetroList,19009983,N,Y,38.7399733,-121.155266
MLS Listing,,Single Family Residential,209 S Prospectors Rd,Diamond Bar,CA,91765,549000,4,2.0,Diamond Bar,1465,7067,1964,18,375,,Active,,,http://www.redfin.com/CA/Diamond-Bar/209-S-Prospectors-Rd-91765/home/8067497,PFAR,819000249,N,Y,34.0214301,-117.8147257
MLS Listing,,Single Family Residential,7351 21st St,Sacramento,CA,95822,309900,5,3.0,Sacramento South Land Park/Greenhaven,2500,6098,1957,18,,,Active,,,http://www.redfin.com/CA/Sacramento/7351-21st-St-95822/home/19378217,MetroList,19010082,N,Y,38.4913766,-121.4917117
MLS Listing,,Single Family Residential,3611 Sebastian Ct,El Dorado Hills,CA,95762,653000,4,3.0,El Dorado Hills,2621,13634,1992,18,,,Active,,,http://www.redfin.com/CA/El-Dorado-Hills/3611-Sebastian-Ct-95762/home/22375866,MetroList,19008433,N,Y,38.7167084,-121.0814526
MLS Listing,,Single Family Residential,81800 Via Parco Dr,Indio,CA,92203,459000,5,4.0,Indio North of East Valley,3143,7405,2005,18,146,100,Active,,,http://www.redfin.com/CA/Indio/81800-Via-Parco-92203/home/12505114,PALM,19-436924PS,N,Y,33.7495103,-116.2375906
MLS Listing,,Single Family Residential,224 Loon Lake Ct,Roseville,CA,95747,375000,2,2.0,West Roseville/zip 95747,1067,3271,2012,18,,79,Active,,,http://www.redfin.com/CA/Roseville/224-Loon-Lake-St-95747/home/51552775,MetroList,19010712,N,Y,38.7969592,-121.3282275
MLS Listing,,Condo/Co-op,532 N Rossmore Ave #103,Los Angeles,CA,90004,475000,1,0.75,CHancock Park-Wilshire,728,18700,1972,18,652,470,Active,March-17-2019 01:00 PM,March-17-2019 04:00 PM,http://www.redfin.com/CA/Los-Angeles/532-N-Rossmore-Ave-90004/unit-103/home/7100010,PFAR,819000604,N,Y,34.079749458,-118.3267488
MLS Listing,,Single Family Residential,1509 Larch St,Alhambra,CA,91801,540000,2,1.0,Alhambra,988,4803,1923,18,547,,Active,March-17-2019 01:00 PM,March-17-2019 03:00 PM,http://www.redfin.com/CA/Alhambra/1509-Larch-St-91801/home/7018399,PFAR,818005778,N,Y,34.0953702,-118.1401318
MLS Listing,,Single Family Residential,3307 Garden Terrace Ln,Hacienda Heights,CA,91745,729000,4,2.5,Hacienda Heights,2424,5227,1975,18,301,247,Active,,,http://www.redfin.com/CA/Hacienda-Heights/3307-Garden-Terrace-Ln-91745/home/7877250,PFAR,819000139,N,Y,33.980791,-117.9814275
MLS Listing,,Condo/Co-op,4545 Ramona Ave #2,La Verne,CA,91750,289000,1,1.0,La Verne,616,157943,1977,18,469,260,Active,,,http://www.redfin.com/CA/La-Verne/4545-Ramona-Ave-91750/unit-2/home/8040136,PFAR,819000383,N,Y,34.1207232,-117.7905181
MLS Listing,,Single Family Residential,2925 Terrace Ave,Alhambra,CA,91803,658000,3,1.75,Alhambra,1249,5201,1940,18,527,,Active,,,http://www.redfin.com/CA/Alhambra/2925-Terrace-Ave-91803/home/7025360,PFAR,819000676,N,Y,34.0749549,-118.1567247
MLS Listing,,Single Family Residential,14355 E Oak Canyon Dr,Hacienda Heights,CA,91745,1298000,4,3.5,Hacienda Heights,3495,120237,1990,18,371,,Active,,,http://www.redfin.com/CA/Hacienda-Heights/14355-E-Oak-Canyon-Dr-91745/home/7844596,PFAR,819000270,N,Y,34.0003954,-118.0033067
MLS Listing,,Condo/Co-op,5510 Owensmouth Ave #312,Woodland Hills,CA,91367,459000,2,2.0,WHLL - Woodland Hills,1050,67649,1987,18,437,420,Active,,,http://www.redfin.com/CA/Woodland-Hills/5510-Owensmouth-Ave-91367/unit-312/home/8151816,CRMLS,BB19039255,N,Y,34.1714837,-118.6013341
MLS Listing,,Single Family Residential,3158 N St,Sacramento,CA,95816,549900,2,1.0,Sacramento Downtown/Midtown,1202,3999,1922,18,,,Active,,,http://www.redfin.com/CA/Sacramento/3158-N-St-95816/home/19436770,MetroList,19010231,N,Y,38.5678126,-121.4658595
MLS Listing,,Single Family Residential,200 Naples St,San Francisco,CA,94112,899000,3,2.5,Excelsior,,2495,1907,18,,,Active,,,http://www.redfin.com/CA/San-Francisco/200-Naples-St-94112/home/1993920,San Francisco MLS,481475,N,Y,37.7254606,-122.4279009
MLS Listing,,Condo/Co-op,901 S Flower St #507,Los Angeles,CA,90015,699000,1,1.0,C42 - Downtown L.A.,1005,65428,2009,18,696,350,Active,,,http://www.redfin.com/CA/Los-Angeles/901-S-Flower-St-90015/unit-507/home/28913119,CRMLS,BB19039784,N,Y,34.0455377,-118.262437
MLS Listing,,Single Family Residential,26265 Emily Pl,Murrieta,CA,92563,444900,4,3.0,208 - Murrieta-East,2929,6534,2005,18,152,,Active,,,http://www.redfin.com/CA/Murrieta/26265-Emily-Pl-92563/home/6679437,CRMLS,SW19039389,N,Y,33.5534049,-117.1731592
MLS Listing,,Single Family Residential,2979 S Via Belamaria,Ontario,CA,91762,539900,3,2.5,686 - Ontario,2061,2978,2015,18,262,158,Active,,,http://www.redfin.com/CA/Ontario/2979-South-Via-Belamaria-91762/home/109247511,CRMLS,IV19038806,N,Y,34.0195859,-117.6533337
MLS Listing,,Single Family Residential,3 Via Pelayo,Rancho Santa Margarita,CA,92688,839999,4,2.5,R2 - Rancho Santa Margarita Central,2473,5059,1999,18,340,55,Active,,,http://www.redfin.com/CA/Rancho-Santa-Margarita/3-Via-Pelayo-92688/home/5067935,CRMLS,OC19038695,N,Y,33.6254068,-117.6055495
MLS Listing,,Single Family Residential,1092 Castlegate Ln,North Tustin,CA,92705,1350000,4,2.5,NTS - North Tustin,2629,11790,1970,18,514,,Active,March-17-2019 01:00 PM,March-17-2019 04:00 PM,http://www.redfin.com/CA/Santa-Ana/1092-Castlegate-Ln-92705/home/4761218,CRMLS,OC19039193,N,Y,33.7591117,-117.7992919
MLS Listing,,Single Family Residential,634 Aja Pl,Dayton,NV,89403-3020,229900,3,2.0,Mark Twain,1152,14374,2005,18,200,,Active,,,http://www.redfin.com/NV/Dayton/634-Aja-Pl-89403/home/108692465,NNRMLS,190002124,N,Y,39.306113,-119.5420245
MLS Listing,,Condo/Co-op,4724 Kester Ave #301,Sherman Oaks,CA,91403,629000,3,2.0,SO - Sherman Oaks,1320,28705,2009,18,477,372,Active,,,http://www.redfin.com/CA/Sherman-Oaks/4724-Kester-Ave-91403/unit-301/home/4816017,CRMLS,BB19039585,N,Y,34.1564145,-118.4568175
MLS Listing,,Single Family Residential,5248 Lafayette St,Ventura,CA,93003,625000,4,2.0,Ventura,1570,6969,1960,18,398,,Active,,,http://www.redfin.com/CA/Ventura/5248-Lafayette-St-93003/home/4408047,SBMLS,19-557,N,Y,34.2703781,-119.2236559
MLS Listing,,Single Family Residential,3458 Heartland Ave,Simi Valley,CA,93065,799900,4,3.0,SVC - Central Simi,2907,6091,2006,18,275,190,Active,,,http://www.redfin.com/CA/Simi-Valley/3458-Heartland-Ave-93065/home/4743076,CRMLS,BB19039507,N,Y,34.2974421,-118.7605887
MLS Listing,,Single Family Residential,807 Valencia Ct,El Dorado Hills,CA,95762,659000,4,3.5,El Dorado Hills,2891,6839,2015,19,,129,Active,,,http://www.redfin.com/CA/El-Dorado-Hills/807-Valencia-Ct-95762/home/22247173,MetroList,19009401,N,Y,38.618916,-121.043711
MLS Listing,,Condo/Co-op,45 Abrazo Aisle #166,Irvine,CA,92614,470000,2,2.0,WP - Westpark,871,1000,1987,19,540,292,Active,,,http://www.redfin.com/CA/Irvine/45-Abrazo-Aisle-92614/unit-166/home/5588082,CRMLS,OC19035303,N,Y,33.6853274,-117.8284151
MLS Listing,,Single Family Residential,2871 Round Dr,El Sereno,CA,90032,779000,3,3.5,621 - El Sereno,1932,5732,2007,19,403,,Active,March-17-2019 01:00 PM,March-17-2019 04:00 PM,http://www.redfin.com/CA/Los-Angeles/2871-Round-Dr-90032/home/21925509,CRMLS,PF19039031,N,Y,34.0776519,-118.1711679
MLS Listing,,Condo/Co-op,888 7th St Unit LL-50,San Francisco,CA,94107,779000,1,1.5,Potrero Hill,685,,2007,19,1137,425,Active,,,http://www.redfin.com/CA/San-Francisco/888-7th-St-94107/unit-LL-50/home/17305867,San Francisco MLS,481363,N,Y,37.7703795,-122.4010623
MLS Listing,,Condo/Co-op,838 Pine Ave #406,Long Beach,CA,90813,359000,1,1.0,"4 - Downtown Area, Alamitos Beach",740,30361,1998,19,485,292,Active,,,http://www.redfin.com/CA/Long-Beach/838-Pine-Ave-90813/unit-406/home/8151215,CRMLS,PW19036922,N,Y,33.7773713,-118.1920121
MLS Listing,,Single Family Residential,3437 Nouveau Way,Rancho Cordova,CA,95670,420000,3,2.5,Ranch Cordova/Gold River,1953,4164,2006,19,,,Active,,,http://www.redfin.com/CA/Gold-River/3437-Nouveau-Way-95670/home/19059653,MetroList,19010239,N,Y,38.5760875,-121.2831426
MLS Listing,,Condo/Co-op,24325 El Pilar #9,Laguna Niguel,CA,92677,399900,2,2.0,LNLAK - Lake Area,956,1100,1980,19,418,258,Active,,,http://www.redfin.com/CA/Laguna-Niguel/24325-el-Pilar-92677/unit-9/home/5650290,CRMLS,OC19037018,N,Y,33.5693155,-117.7063426
MLS Listing,,Condo/Co-op,383 S Marengo Ave #102,Pasadena,CA,91101,1075000,3,2.5,647 - Pasadena (SW),1660,38844,2017,19,648,440,Active,March-17-2019 01:00 PM,March-17-2019 04:00 PM,http://www.redfin.com/CA/Pasadena/383-S-Marengo-Ave-91101/unit-102/home/160503929,CRMLS,PF19038914,N,Y,34.1391528,-118.1460949
MLS Listing,,Townhouse,11513 Ghiberti Way,Porter Ranch,CA,91326,569900,2,3.0,PORA - Porter Ranch,1122,131919,2004,19,508,207,Active,,,http://www.redfin.com/CA/Northridge/11513-Ghiberti-Way-91326/unit-307/home/8130949,CRMLS,BB19038835,N,Y,34.280688,-118.5722244
MLS Listing,,Townhouse,2133 Dublin Ln #1,Diamond Bar,CA,91765,599000,4,2.5,616 - Diamond Bar,2104,1000749,1989,19,285,380,Active,,,http://www.redfin.com/CA/Diamond-Bar/2133-Dublin-Ln-91765/unit-1/home/8063249,CRMLS,PF19038850,N,Y,33.9863347,-117.823376
MLS Listing,,Condo/Co-op,42 Salton #54,Irvine,CA,92602,650000,2,2.0,NK - Northpark,1462,,2002,19,445,250,Active,,,http://www.redfin.com/CA/Irvine/42-Salton-92602/unit-54/home/5917245,CRMLS,OC19038212,N,Y,33.7173586,-117.7767313
MLS Listing,,Single Family Residential,3195 Newcastle Rd,Newcastle,CA,95658,879000,4,2.0,Newcastle/Zip 95658,2736,191664,1940,19,,,Active,,,http://www.redfin.com/CA/Newcastle/3195-Newcastle-Rd-95658/home/19563175,MetroList,19009006,N,Y,38.8351472,-121.1094991
MLS Listing,,Condo/Co-op,62 Full Moon,Irvine,CA,92618,585000,2,2.0,PS - Portola Springs,1239,,2010,20,472,324,Active,,,http://www.redfin.com/CA/Irvine/62-Full-Moon-92618/home/40102641,CRMLS,OC19037907,N,Y,33.695344,-117.7187228
MLS Listing,,Single Family Residential,242 N Olympia Way,Orange,CA,92869,699000,4,2.25,"72 - Orange & Garden Grove, E of Harbor, N of 22 F",1836,7100,1962,20,381,,Active,,,http://www.redfin.com/CA/Orange/242-N-Olympia-Way-92869/home/3412975,CRMLS,OC19038372,N,Y,33.7904276,-117.8162098
MLS Listing,,Single Family Residential,10430 Gianna Ct,Stockton,CA,95209,383000,3,2.0,far Northwest Stockton,1843,5049,2014,20,,,Active,,,http://www.redfin.com/CA/Stockton/10430-Gianna-Ct-95209/home/22465145,MetroList,19010146,N,Y,38.0508517,-121.3205417
MLS Listing,,Single Family Residential,1488 N Riverside Dr,Palm Springs,CA,92264,789000,3,2.0,Palm Springs South End,1952,10019,1959,20,404,,Active,,,http://www.redfin.com/CA/Palm-Springs/1488-N-Riverside-Dr-92264/home/5693979,PALM,19-435800PS,N,Y,33.8110326,-116.5301966
MLS Listing,,Single Family Residential,15 Zandra Pl,Novato,CA,94945,1275000,4,3.0,Novato,3078,16344,2016,20,414,84,Active,,,http://www.redfin.com/CA/Novato/15-Zandra-Pl-94945/home/22387597,BAREIS,21903477,N,Y,38.111521,-122.554645
MLS Listing,,Single Family Residential,2528 N Via Artis Ave,Los Angeles,CA,90039,995000,3,3.0,671 - Silver Lake,2107,3440,2013,21,472,300,Active,,,http://www.redfin.com/CA/Los-Angeles/2528-N-Via-Artis-Ave-90039/home/51585136,CRMLS,BB19035687,N,Y,34.0978139,-118.2509032
MLS Listing,,Single Family Residential,3519 Marmion Way,Los Angeles,CA,90065,1499000,9,6.0,C42 - Downtown L.A.,1797,8263,1910,23,834,,Active,,,http://www.redfin.com/CA/Los-Angeles/3519-Marmion-Way-90065/home/7069827,CRMLS,CV19036169,N,Y,34.087494,-118.213929
MLS Listing,,Single Family Residential,720 Holbertson Ct,Simi Valley,CA,93065,799000,5,3.0,SWR - Simi Wood Ranch,3153,7056,1991,24,253,113,Active,,,http://www.redfin.com/CA/Simi-Valley/720-Holbertson-Ct-93065/home/4598226,CRMLS,BB19035783,N,Y,34.2340497,-118.8159552
MLS Listing,,Townhouse,1126 Jewett Dr,Fullerton,CA,92833,550000,3,2.0,83 - Fullerton,1777,,2003,24,310,408,Active,,,http://www.redfin.com/CA/Fullerton/1126-Jewett-Dr-92833/home/5921807,CRMLS,OC19035325,N,Y,33.8820627,-117.9649958
MLS Listing,,Single Family Residential,10107 Nemaha Cir,Riverside,CA,92503,439888,4,2.0,252 - Riverside,1676,7841,1979,24,262,,Active,,,http://www.redfin.com/CA/Riverside/10107-Nemaha-Ct-92503/home/5004174,CRMLS,IV19034743,N,Y,33.9055511,-117.4509816
MLS Listing,,Single Family Residential,6323 Wolfe St,Lakewood,CA,90713,592500,3,2.0,"22 - Lakewood Estates, Lakewood Manor",1176,6106,1954,24,504,,Active,March-16-2019 01:00 PM,March-16-2019 04:00 PM,http://www.redfin.com/CA/Lakewood/6323-Wolfe-St-90713/home/7555449,CRMLS,PW19026249,N,Y,33.857519,-118.1092732
MLS Listing,,Single Family Residential,1000 Revelle Dr,Dixon,CA,95620,659000,5,3.5,Dixon,3824,7026,2003,24,172,,Active,,,http://www.redfin.com/CA/Dixon/1000-Revelle-Dr-95620/home/2621140,BAREIS,21901617,N,Y,38.4332815,-121.8245449
MLS Listing,,Single Family Residential,34 Scharff Ave,SAN JOSE,CA,95116,899999,3,2.5,SAN JOSE,1739,3650,2000,24,518,115,Active,,,http://www.redfin.com/CA/San-Jose/34-Scharff-Ave-95116/home/1306671,MLSListings,ML81739087,N,Y,37.3569778,-121.844274
MLS Listing,,Single Family Residential,38090 Chris Dr,Cathedral City,CA,92234,479000,3,2.0,Cathedral City South,1600,7405,1965,25,299,,Active,,,http://www.redfin.com/CA/Cathedral-City/38090-Chris-Dr-92234/home/6100105,PALM,19-434764PS,N,Y,33.7717267,-116.471138
MLS Listing,,Condo/Co-op,152 Desert West Dr,Rancho Mirage,CA,92270,399000,3,3.0,Rancho Mirage,2922,4792,1977,25,137,750,Active,,,http://www.redfin.com/CA/Rancho-Mirage/152-W-Desert-Dr-92270/home/3048099,PALM,19-434758PS,N,Y,33.78883,-116.43965
MLS Listing,,Single Family Residential,19362 Fisher Ln,North Tustin,CA,92705,2444888,6,5.0,NTS - North Tustin,5609,11326,2018,25,436,,Active,,,http://www.redfin.com/CA/Santa-Ana/19362-Fisher-Ln-92705/home/5854787,CRMLS,OC19034353,N,Y,33.776975,-117.7952218
MLS Listing,,Single Family Residential,31780 Sierra Del Sol,Thousand Palms,CA,92276,430000,5,3.0,Thousand Palms,2347,7405,2004,25,183,,Active,,,http://www.redfin.com/CA/Thousand-Palms/31780-Sierra-Del-Sol-92276/home/6015073,PALM,19-434732PS,N,Y,33.817863,-116.3879191
MLS Listing,,Single Family Residential,6 Channel Ct,Rancho Mirage,CA,92270,710000,5,4.5,Rancho Mirage,3332,12632,2002,25,213,290,Active,,,http://www.redfin.com/CA/Rancho-Mirage/6-Channel-Ct-92270/home/6382521,PALM,19-434658PS,N,Y,33.790505,-116.4073051
MLS Listing,,Single Family Residential,81300 Riverlane Dr,Indio,CA,92201,315000,4,2.0,Indio Central,1987,6534,1968,25,159,,Active,,,http://www.redfin.com/CA/Indio/81300-Riverlane-Dr-92201/home/5841720,PALM,19-434644PS,N,Y,33.7309627,-116.2469571
MLS Listing,,Single Family Residential,3725 Wood Duck Cir,Stockton,CA,95207,449000,4,2.0,Northwest Stockton,2279,8276,1978,25,,38,Active,,,http://www.redfin.com/CA/Stockton/3725-Wood-Duck-Cir-95207/home/19813876,MetroList,19009353,N,Y,37.9916992,-121.3385935
MLS Listing,,Single Family Residential,10004 Jovita Ave,Chatsworth,CA,91311,625000,3,2.0,CHT - Chatsworth,1244,7708,1957,25,502,,Active,,,http://www.redfin.com/CA/Chatsworth/10004-Jovita-Ave-91311/home/5829808,CRMLS,BB19034417,N,Y,34.2519806,-118.5767775
MLS Listing,,Single Family Residential,2401 Laredo Rd,Sacramento,CA,95825,295000,2,1.0,Sacto Arden/Arcade Creek/Vicinity,899,6970,1950,25,,,Active,,,http://www.redfin.com/CA/Sacramento/2401-Laredo-Rd-95825/home/19136983,MetroList,19009071,N,Y,38.6065512,-121.4063521
MLS Listing,,Single Family Residential,7782 Neyland Way,Sacramento,CA,95829,359900,3,2.0,Sacramento Florin & Vicinity,1577,4840,2002,25,,,Active,,,http://www.redfin.com/CA/Sacramento/7782-Neyland-Way-95829/home/19100181,MetroList,19009185,N,Y,38.4735835,-121.354655
MLS Listing,,Condo/Co-op,8045 Meridian St,Chino,CA,91708,490000,4,2.5,681 - Chino,2296,3000,2013,25,213,153,Active,,,http://www.redfin.com/CA/Chino/8045-Meridian-St-91708/home/45423975,CRMLS,IV19033877,N,Y,33.9608728,-117.6292079
MLS Listing,,Single Family Residential,864 N San Diego Ave,Ontario,CA,91764,429888,4,3.0,686 - Ontario,1722,6222,1961,25,250,,Active,,,http://www.redfin.com/CA/Ontario/864-N-San-Diego-Ave-91764/home/3090792,CRMLS,IV19034057,N,Y,34.074352773,-117.6120013
MLS Listing,,Single Family Residential,6371 Orizaba Ave,Long Beach,CA,90805,519000,3,1.0,7 - North Long Beach,1088,4308,1955,25,477,,Active,,,http://www.redfin.com/CA/Long-Beach/6371-Orizaba-Ave-90805/home/7509770,CRMLS,PW19031374,N,Y,33.8705338,-118.1580502
MLS Listing,,Condo/Co-op,6128 Shelter Creek Ln #6120,SAN BRUNO,CA,94066,379999,0,1.0,SAN BRUNO,490,1679615,1972,25,776,333,Active,,,http://www.redfin.com/CA/San-Bruno/6128-Shelter-Creek-Ln-94066/unit-6120/home/1846804,MLSListings,ML81738964,N,Y,37.619843,-122.428366
MLS Listing,,Single Family Residential,6820 N Melvin Ave,San Bernardino,CA,92407,479000,4,3.0,274 - San Bernardino,2711,11326,2005,25,177,,Active,,,http://www.redfin.com/CA/San-Bernardino/6820-N-Melvin-Ave-92407/home/12139210,CRMLS,EV19033282,N,Y,34.2051842,-117.3492298
MLS Listing,,Single Family Residential,1011 Violet Ct,Beaumont,CA,92223,369900,4,2.0,263 - Banning/Beaumont/Cherry Valley,2228,7405,2008,25,166,41,Active,,,http://www.redfin.com/CA/Beaumont/1011-Violet-Ct-92223/home/17330345,CRMLS,EV19034238,N,Y,33.9364417,-116.9591414
MLS Listing,,Condo/Co-op,1754 N Kenmore Ave #301,Los Feliz,CA,90027,649000,2,2.0,637 - Los Feliz,1042,7192,1969,25,623,168,Active,,,http://www.redfin.com/CA/Los-Angeles/1754-N-Kenmore-Ave-90027/unit-301/home/7134183,CRMLS,BB19034487,N,Y,34.1033762,-118.29694
MLS Listing,,Single Family Residential,1237 Luanne Ave,Fullerton,CA,92831,825000,3,2.0,83 - Fullerton,1914,6325,1961,26,431,,Active,,,http://www.redfin.com/CA/Fullerton/1237-Luanne-Ave-92831/home/4077006,CRMLS,OC19033134,N,Y,33.8826184,-117.9181721
MLS Listing,,Condo/Co-op,20402 Santa Ana Ave #1,Newport Beach,CA,92660,688000,2,2.5,N7 - West Bay - Santa Ana Heights,1457,,2007,26,472,175,Active,,,http://www.redfin.com/CA/Newport-Beach/20402-Santa-Ana-Ave-92660/unit-1/home/17467617,CRMLS,OC19033469,N,Y,33.6616395,-117.8861907
MLS Listing,,Single Family Residential,3762 N Tamarind Ave,Rialto,CA,92377,482000,5,3.0,272 - Rialto,2356,8800,1999,26,205,,Active,,,http://www.redfin.com/CA/Rialto/3762-N-Tamarind-Ave-92377/home/3364425,CRMLS,EV19034047,N,Y,34.1674503,-117.4191813
MLS Listing,,Condo/Co-op,22256 Caminito Danubo #259,Laguna Hills,CA,92653,525000,3,2.0,S2 - Laguna Hills,1460,,1982,26,360,400,Active,March-17-2019 02:00 PM,March-17-2019 05:00 PM,http://www.redfin.com/CA/Laguna-Hills/22256-Caminito-Danubo-92653/unit-259/home/5635286,CRMLS,OC19033939,N,Y,33.6255037,-117.741462
MLS Listing,,Single Family Residential,25090 Aspen Falls Dr,Canyon Country,CA,91387,880000,5,4.0,ALIE - Aliento,3434,10402,2018,26,256,225,Active,,,http://www.redfin.com/CA/Santa-Clarita/25090-Aspen-Falls-Dr-91387/home/160450785,CRMLS,BB19033923,N,Y,34.390236124,-118.4556606
MLS Listing,,Multi-Family (2-4 Unit),847 Linden Ave,Long Beach,CA,90813,1299990,9,7.0,"4 - Downtown Area, Alamitos Beach",5770,7506,1907,26,225,,Active,,,http://www.redfin.com/CA/Long-Beach/847-Linden-Ave-90813/home/7616940,CRMLS,PW19033887,N,Y,33.7774298,-118.1866609
MLS Listing,,Condo/Co-op,1251 Trumpeter Pl,SAN JOSE,CA,95131,848000,2,2.0,SAN JOSE,1157,,1993,26,733,265,Active,,,http://www.redfin.com/CA/San-Jose/1251-Trumpeter-Pl-95131/home/1393801,MLSListings,ML81738862,N,Y,37.386379,-121.893598
MLS Listing,,Single Family Residential,7029 Harvest Ln,Riverside,CA,92506,620000,5,3.0,252 - Riverside,2995,9148,2000,26,207,,Active,March-16-2019 01:00 PM,March-16-2019 04:00 PM,http://www.redfin.com/CA/Riverside/7029-Harvest-Ln-92506/home/6277648,CRMLS,IV19033166,N,Y,33.9316511,-117.388615
MLS Listing,,Condo/Co-op,17 Springwater #63,Irvine,CA,92604,789888,3,2.5,WB - Woodbridge,1653,,1980,26,478,328,Active,,,http://www.redfin.com/CA/Irvine/17-Springwater-92604/unit-63/home/5626804,CRMLS,OC19033624,N,Y,33.6775639,-117.7952926
MLS Listing,,Condo/Co-op,9005 Alcosta Blvd #218,San Ramon,CA,94583,465000,2,2.0,Vintner,1096,,1971,26,424,491,Active,,,http://www.redfin.com/CA/San-Ramon/9005-Alcosta-Blvd-94583/unit-218/home/951978,Bridge MLS,40853206,N,Y,37.7264345,-121.9355797
MLS Listing,,Single Family Residential,6223 Monadnock Way,Oakland,CA,94605,649000,3,1.0,Millmont,1530,2500,1926,26,424,,Active,,,http://www.redfin.com/CA/Oakland/6223-Monadnock-Way-94605/home/1564149,Bridge MLS,40853186,N,Y,37.7748297,-122.1799043
MLS Listing,,Condo/Co-op,418 Brighton,Costa Mesa,CA,92627,363000,2,1.5,C4 - Central Costa Mesa,1282,,1980,26,283,706,Active,,,http://www.redfin.com/CA/Costa-Mesa/418-Brighton-Spgs-92627/unit-30/home/5593553,CRMLS,OC19028007,N,Y,33.6535368,-117.9172826
MLS Listing,,Single Family Residential,1740 Rosalia Dr,Fullerton,CA,92835,835888,3,2.0,83 - Fullerton,1858,11770,1963,26,450,,Active,,,http://www.redfin.com/CA/Fullerton/1740-E-Rosalia-Dr-92835/home/4086954,CRMLS,PW19033308,N,Y,33.9039445,-117.8959953
MLS Listing,,Condo/Co-op,5182 Connecticut Dr #2,Sacramento,CA,95841,179000,2,1.0,Sacramento Arden/Arcade Creek/Vicinity,840,2174,1969,27,,235,Active,,,http://www.redfin.com/CA/Sacramento/5182-Connecticut-Dr-95841/unit-2/home/102080069,MetroList,19008799,N,Y,38.6595491,-121.3339914
MLS Listing,,Townhouse,108 Wild Horse #6,Rancho Santa Margarita,CA,92688,539900,3,2.5,R2 - Rancho Santa Margarita Central,1325,1000,1987,27,407,278,Active,,,http://www.redfin.com/CA/Rancho-Santa-Margarita/108-Wild-Horse-Loop-92688/unit-6/home/5311681,CRMLS,OC19031771,N,Y,33.6479233,-117.5840553
MLS Listing,,Condo/Co-op,716 S Hayward St #2,Anaheim,CA,92804,389500,2,1.5,699 - Not Defined,906,1100,1984,28,430,285,Active,,,http://www.redfin.com/CA/Anaheim/716-S-Hayward-St-92804/unit-2/home/5513403,CRMLS,OC19030150,N,Y,33.8216976,-117.9949468
MLS Listing,,Condo/Co-op,8015 City View Pl,Rancho Cucamonga,CA,91730,459888,3,2.5,688 - Rancho Cucamonga,1865,2000,2013,28,247,333,Active,,,http://www.redfin.com/CA/Rancho-Cucamonga/8015-City-View-Pl-91730/home/45446054,CRMLS,IV19029460,N,Y,34.1084519,-117.6134973
MLS Listing,,Condo/Co-op,201 Folsom St Unit 31C,San Francisco,CA,94105,2575000,2,2.0,South Beach,1495,,2016,31,1722,1160,Active,,,http://www.redfin.com/CA/San-Francisco/201-Folsom-St-94105/unit-31C/home/112894393,San Francisco MLS,481102,N,Y,37.7886997,-122.39226
MLS Listing,,Condo/Co-op,763 N Madrid Cir,Palm Springs,CA,92262,309000,2,2.0,Palm Springs Central,1052,1307,1972,31,294,480,Active,,,http://www.redfin.com/CA/Palm-Springs/763-N-Madrid-Cir-92262/unit-55/home/5686586,PALM,19-432832PS,N,Y,33.833718,-116.5269513
MLS Listing,,Townhouse,27544 Jasmine Ave,Mission Viejo,CA,92692,535000,3,2.5,MS - Mission Viejo South,1200,,1989,31,446,346,Active,,,http://www.redfin.com/CA/Mission-Viejo/27544-Jasmine-Ave-92692/home/5315042,CRMLS,OC19029445,N,Y,33.5716114,-117.6497641
MLS Listing,,Condo/Co-op,1565 Border Ave Unit D,Corona,CA,92882,249000,1,1.0,248 - Corona,731,1307,1980,31,341,320,Active,,,http://www.redfin.com/CA/Corona/1565-Border-Ave-92882/unit-D/home/6307874,CRMLS,IV19028247,N,Y,33.864422,-117.597161
MLS Listing,,Single Family Residential,1713 Twinberry Ave,Clovis,CA,93619,350000,4,2.0,Clovis,1804,6000,2010,31,194,,Active,,,http://www.redfin.com/CA/Clovis/1713-Twinberry-Ave-93619/home/58348017,FRESNOMLS,517528,N,Y,36.8111749,-119.6480827
MLS Listing,,Single Family Residential,33898 Parador St,Temecula,CA,92592,639900,4,2.5,213 - Temecula-South,3196,8712,2006,31,200,99,Active,,,http://www.redfin.com/CA/Temecula/33898-Parador-St-92592/home/12504458,CRMLS,SW19027270,N,Y,33.4778215,-117.0674295
MLS Listing,,Single Family Residential,2017 Aragon Dr,Pittsburg,CA,94565,624000,4,2.0,San Marco,2120,5688,2015,31,294,,Active,,,http://www.redfin.com/CA/Pittsburg/2017-Aragon-Dr-94565/home/95952298,Bridge MLS,40852686,N,Y,38.0179399,-121.9729367
MLS Listing,,Single Family Residential,74265 Fairway Dr,Palm Desert,CA,92260,389000,3,2.0,Palm Desert South,1413,7841,1951,32,275,,Active,,,http://www.redfin.com/CA/Palm-Desert/74265-Fairway-Dr-92260/home/5904583,PALM,19-432412PS,N,Y,33.7144321,-116.3690121
MLS Listing,,Single Family Residential,916 S Avenida Evelita,Palm Springs,CA,92264,399000,4,2.5,Palm Springs South End,1555,6970,1956,32,257,,Active,,,http://www.redfin.com/CA/Palm-Springs/916-Ave-Evelita-92264/home/6084150,PALM,19-432400PS,N,Y,33.8098274,-116.5023893
MLS Listing,,Condo/Co-op,136 Lake Shore Dr,Rancho Mirage,CA,92270,485000,3,3.0,Rancho Mirage,1888,5663,1988,32,257,725,Active,,,http://www.redfin.com/CA/Rancho-Mirage/136-Lakeshore-Dr-92270/home/12260175,PALM,19-432216PS,N,Y,33.7526175,-116.3962193
MLS Listing,,Single Family Residential,2471 Claremont Ave,Los Feliz,CA,90027,2299999,6,6.0,637 - Los Feliz,4795,8888,1982,32,480,,Active,,,http://www.redfin.com/CA/Los-Angeles/2471-Claremont-Ave-90027/home/7063273,CRMLS,PF19028073,N,Y,34.1047527,-118.2752052
MLS Listing,,Condo/Co-op,5301 Broadway Ter #10,Oakland,CA,94618,1180000,4,2.0,Prime Rockridge,1766,,1928,32,668,769,Active,,,http://www.redfin.com/CA/Oakland/5301-Broadway-Ter-94618/unit-10/home/1904968,Bridge MLS,40852573,N,Y,37.8374622,-122.2478132
MLS Listing,,Single Family Residential,778 Rustic Ln,MOUNTAIN VIEW,CA,94040,2900888,5,3.0,MOUNTAIN VIEW,2412,8000,1975,32,1203,,Active,,,http://www.redfin.com/CA/Mountain-View/778-Rustic-Ln-94040/home/1785749,MLSListings,ML81738121,N,Y,37.3801176,-122.0864581
MLS Listing,,Single Family Residential,1645 S Palmetto Ave,Ontario,CA,91762,484000,4,2.0,686 - Ontario,1800,7800,1973,32,269,,Active,,,http://www.redfin.com/CA/Ontario/1645-S-Palmetto-Ave-91762/home/3924546,CRMLS,IV19025003,N,Y,34.0434243,-117.6674332
MLS Listing,,Condo/Co-op,27 Beacon Way,Aliso Viejo,CA,92656,615000,2,2.5,AV - Aliso Viejo,1638,1000,2010,32,375,348,Active,March-16-2019 01:00 PM,March-16-2019 04:00 PM,http://www.redfin.com/CA/Aliso-Viejo/27-Beacon-Way-92656/home/40103565,CRMLS,OC19026160,N,Y,33.579757,-117.7278136
MLS Listing,,Single Family Residential,23210 Twin Cyn,Grand Terrace,CA,92313,1248000,5,6.0,266 - Grand Terrace,4829,30000,2010,32,258,,Active,,,http://www.redfin.com/CA/Grand-Terrace/23210-Twin-Canyon-Dr-92313/home/44496259,CRMLS,EV19027970,N,Y,34.0412505,-117.2986328
MLS Listing,,Single Family Residential,5948 Snow Leopard Cir,Elk Grove,CA,95757,424500,3,2.0,Elk Grove,1616,4674,2004,33,,,Active,,,http://www.redfin.com/CA/Elk-Grove/5948-Snow-Leopard-Cir-95757/home/19068562,MetroList,19007221,N,Y,38.4014893,-121.4333418
MLS Listing,,Single Family Residential,878 Jefferson St,Oakland,CA,94607,550000,1,1.0,Downtown,683,,2008,33,805,320,Active,,,http://www.redfin.com/CA/Oakland/878-Jefferson-St-94607/unit-878/home/17359416,Bridge MLS,40852472,N,Y,37.8020449,-122.2769445
MLS Listing,,Multi-Family (2-4 Unit),5456 Kester Ave,Sherman Oaks,CA,91411,1149999,4,3.0,SO - Sherman Oaks,2365,6000,1949,33,486,,Active,,,http://www.redfin.com/CA/Sherman-Oaks/5456-Kester-Ave-91411/home/4744926,CRMLS,BB19028104,N,Y,34.170005,-118.457097
MLS Listing,,Single Family Residential,31 Romain St,San Francisco,CA,94114,2485000,3,3.0,Eureka Valley/Dolore,2155,2500,1906,33,1153,,Active,,,http://www.redfin.com/CA/San-Francisco/31-Romain-St-94114/home/1316364,San Francisco MLS,480612,N,Y,37.7563136,-122.4395799
MLS Listing,,Townhouse,2715 Grant Ave Unit B,Redondo Beach,CA,90278,778000,3,2.0,152 - N Redondo Bch/Villas South,1731,7502,1989,33,449,200,Active,,,http://www.redfin.com/CA/Redondo-Beach/2715-Grant-Ave-90278/unit-B/home/160388022,CRMLS,SB19022793,N,Y,33.8693657,-118.3608731
MLS Listing,,Single Family Residential,4526 Carter Dr,El Sereno,CA,90032,549000,1,1.0,621 - El Sereno,630,4237,1933,33,871,,Active,,,http://www.redfin.com/CA/Los-Angeles/4526-Carter-Dr-90032/home/6949499,CRMLS,PF19028149,N,Y,34.080484,-118.1860211
MLS Listing,,Condo/Co-op,1888 Piedmont Rd,SAN JOSE,CA,95132,628888,2,1.0,SAN JOSE,884,1440,1971,34,711,230,Active,,,http://www.redfin.com/CA/San-Jose/1888-Piedmont-Rd-95132/home/934826,MLSListings,ML81737666,N,Y,37.413689,-121.854528
MLS Listing,,Single Family Residential,1609 N Rosewood Ave,Santa Ana,CA,92706,669000,3,2.0,70 - Santa Ana North of First,1470,5974,1948,35,455,,Active,,,http://www.redfin.com/CA/Santa-Ana/1609-N-Rosewood-Ave-92706/home/4506692,CRMLS,OC19025981,N,Y,33.7593588,-117.8815755
MLS Listing,,Townhouse,5877 Central Ave,Newark,CA,94560,728888,3,2.5,Newark,1447,1859,1980,35,504,375,Active,,,http://www.redfin.com/CA/Newark/5877-Central-Ave-94560/home/1846867,Bridge MLS,40852143,N,Y,37.534895,-122.021276
MLS Listing,,Multi-Family (2-4 Unit),202 E 73rd St,Los Angeles,CA,90003,525000,4,3.0,C37 - Metropolitan South,2075,5105,1920,37,253,,Active,,,http://www.redfin.com/CA/Los-Angeles/202-E-73rd-St-90003/home/7284261,CRMLS,SB19025666,N,Y,33.97359,-118.271665
MLS Listing,,Single Family Residential,613 Warrendale Ave,,CA,93065,679000,3,3.0,,1950,4356,1989,37,348,,Active,,,http://www.redfin.com/CA/Simi-Valley/613-Warrendale-Ave-93065/home/4595382,SBMLS,19-351,N,Y,34.2387563,-118.8124984
MLS Listing,,Single Family Residential,642 N Crescent Hts,Los Angeles,CA,90048,1698000,3,3.0,West Hollywood Vicinity,1998,6550,1924,38,850,,Active,,,http://www.redfin.com/CA/Los-Angeles/642-N-Crescent-Heights-Blvd-90048/home/7104614,TheMLS,19-430418,N,Y,34.082811,-118.365551
MLS Listing,,Condo/Co-op,2175 S Coast Hwy #15,Laguna Beach,CA,92651,724900,1,1.5,LV - Laguna Village,625,,1970,38,1160,325,Active,,,http://www.redfin.com/CA/Laguna-Beach/2175-S-Coast-Hwy-92651/unit-15/home/5365964,CRMLS,OC19024128,N,Y,33.5261302,-117.7684701
MLS Listing,,Single Family Residential,29455 Goetz Rd,Menifee,CA,92587,479999,5,3.75,227 - Menifee,2417,201247,1982,38,199,,Active,,,http://www.redfin.com/CA/Canyon-Lake/29455-Goetz-Rd-92587/home/5317939,CRMLS,SW19018874,N,Y,33.6936048,-117.244578
MLS Listing,,Single Family Residential,12192 Skyway Dr,North Tustin,CA,92705,1525000,4,3.5,NTS - North Tustin,3586,20150,1961,38,425,,Active,,,http://www.redfin.com/CA/Santa-Ana/12192-Skyway-Dr-92705/home/4763416,CRMLS,OC19024543,N,Y,33.7520681,-117.7930859
MLS Listing,,Single Family Residential,31385 Corte Tunas,Temecula,CA,92592,568880,5,3.0,211 - Temecula-Central North,3087,8276,1990,38,184,40,Active,,,http://www.redfin.com/CA/Temecula/31385-Corte-Tunas-92592/home/6228374,CRMLS,SW18293975,N,Y,33.5073413,-117.1112194
MLS Listing,,Single Family Residential,1969 Gale Ave,Long Beach,CA,90810,529000,3,2.0,11 - Westside,1398,4957,1985,38,378,,Active,,,http://www.redfin.com/CA/Long-Beach/1969-Gale-Ave-90810/home/7681334,CRMLS,PW19020389,N,Y,33.7929904,-118.2081513
MLS Listing,,Single Family Residential,21006 Cantebury Ln,Lake Forest,CA,92630,979888,4,3.0,LN - Lake Forest North,2814,6000,1988,38,348,100,Active,,,http://www.redfin.com/CA/Lake-Forest/21006-Cantebury-Ln-92630/home/4818038,CRMLS,OC19024069,N,Y,33.6571941,-117.6603749
MLS Listing,,Townhouse,4528 Colbath Ave #210,Sherman Oaks,CA,91423,649000,2,2.0,SO - Sherman Oaks,1573,10577,1978,39,413,560,Active,,,http://www.redfin.com/CA/Sherman-Oaks/4528-Colbath-Ave-91423/unit-210/home/4853963,CRMLS,BB19023999,N,Y,34.1538748,-118.4362649
MLS Listing,,Single Family Residential,1762 Elston Cir,Woodland,CA,95776,474000,4,2.5,Sycamore Ranch,2570,4792,2003,39,,,Active,,,http://www.redfin.com/CA/Woodland/1762-Elston-Cir-95776/home/19488882,MetroList,19006027,N,Y,38.6725721,-121.7404512
MLS Listing,,Condo/Co-op,345 Por La Mar Cir,Santa Barbara,CA,93103,649000,1,1.0,Santa Barbara/east Of State,646,,1996,39,1005,,Active,,,http://www.redfin.com/CA/Santa-Barbara/345-Por-La-Mar-Cir-93103/home/21605896,SBMLS,19-326,N,Y,34.4189239,-119.666215
MLS Listing,,Single Family Residential,1129 Blue Grass Pl,Phillips Ranch,CA,91766,519888,3,2.0,687 - Pomona,1530,6998,1980,39,340,,Active,,,http://www.redfin.com/CA/Pomona/1129-Bluegrass-Pl-91766/home/8055928,CRMLS,BB19023773,N,Y,34.0467543,-117.7845437
MLS Listing,,Vacant Land,3550 Bear River Rd,Lincoln,CA,95648,625000,,,East Lincoln Outside City limits,,2269476,,39,,,Active,,,http://www.redfin.com/CA/Lincoln/3550-Bear-River-Rd-95648/home/109252885,MetroList,19005854,N,Y,38.997334,-121.234941
MLS Listing,,Single Family Residential,3407 Gettysburg Ct,Perris,CA,92570,379999,4,3.0,229 - Perris,2376,5663,2015,39,160,,Active,,,http://www.redfin.com/CA/Perris/3407-Gettysburg-Ct-92570/home/62297643,CRMLS,SW19023159,N,Y,33.7456245,-117.224964
MLS Listing,,Single Family Residential,68460 Concepcion Rd,Cathedral City,CA,92234,433000,5,2.5,Cathedral City North,2637,8712,1988,39,164,,Active,,,http://www.redfin.com/CA/Cathedral-City/68460-Concepcion-Rd-92234/home/6063735,PALM,19-429680PS,N,Y,33.8370165,-116.4670815
MLS Listing,,Single Family Residential,796 N Loraine Ave,Glendora,CA,91741,869000,3,2.0,629 - Glendora,1897,10780,1962,39,458,,Active,,,http://www.redfin.com/CA/Glendora/796-N-Loraine-Ave-91741/home/8037527,CRMLS,PF19022004,N,Y,34.1480083,-117.8459101
MLS Listing,,Single Family Residential,81867 Fiori De Deserto Dr,La Quinta,CA,92253,524900,4,3.5,La Quinta South of HWY 111,3001,11761,2005,39,175,101,Active,,,http://www.redfin.com/CA/La-Quinta/81867-Fiori-del-Deserto-Dr-92253/home/8171675,PALM,19-428904PS,N,Y,33.6297659,-116.235603
MLS Listing,,Single Family Residential,4127 Norris St,Lake Elsinore,CA,92530,404999,3,2.0,245 - Lake Elsinore North,2064,6098,2014,39,196,140,Active,,,http://www.redfin.com/CA/Lake-Elsinore/4127-Norris-St-92530/home/62292438,CRMLS,SW19023484,N,Y,33.7044242,-117.384071
MLS Listing,,Single Family Residential,26711 Dulcinea,Mission Viejo,CA,92691,635000,4,3.0,MS - Mission Viejo South,2230,1950,1976,39,285,330,Active,,,http://www.redfin.com/CA/Mission-Viejo/26711-Dulcinea-92691/home/5018311,CRMLS,OC19021853,N,Y,33.576564,-117.663985
MLS Listing,,Single Family Residential,3743 Sailboat Dr,Discovery Bay,CA,94505,470000,4,2.5,Centex,1782,3600,1999,39,264,,Active,,,http://www.redfin.com/CA/Discovery-Bay/3743-Sailboat-Dr-94505/home/1035251,Bridge MLS,40851723,N,Y,37.8908494,-121.6248559
MLS Listing,,Single Family Residential,5809 Blackbird Ln,La Verne,CA,91750,599888,3,2.0,684 - La Verne,1656,4986,1989,39,362,289,Active,,,http://www.redfin.com/CA/La-Verne/5809-Blackbird-Ln-91750/home/8043963,CRMLS,BB19023407,N,Y,34.1347511,-117.7590066
MLS Listing,,Single Family Residential,11155 Kerrigan Dr,Oakland,CA,94605,1325000,5,5.5,Oakland,4000,55085,1964,40,331,,Active,,,http://www.redfin.com/CA/Oakland/11155-Kerrigan-Dr-94605/home/1342115,San Francisco MLS,480695,N,Y,37.7460622,-122.1337317
MLS Listing,,Townhouse,2 Tribute Ct,Newport Beach,CA,92663,979000,3,2.5,N6 - Newport Heights,1647,2000,1973,42,594,400,Active,,,http://www.redfin.com/CA/Newport-Beach/2-Tribute-Ct-92663/unit-311/home/5349551,CRMLS,OC19017872,N,Y,33.6258016,-117.9380793
MLS Listing,,Single Family Residential,959 Paularino Ave,Costa Mesa,CA,92626,775000,5,2.5,C3 - South Coast Metro,1945,6284,1948,42,398,,Active,,,http://www.redfin.com/CA/Costa-Mesa/959-Paularino-Ave-92626/home/4548422,CRMLS,OC19020830,N,Y,33.6821452,-117.897277
MLS Listing,,Multi-Family (2-4 Unit),1069 Stannage Ave,Albany,CA,94706,1200000,3,2.0,Berkeley/Albany,1461,2500,1958,42,821,,Active,,,http://www.redfin.com/CA/Albany/1069-Stannage-Ave-94706/home/709813,San Francisco MLS,480627,N,Y,37.884725,-122.295009
MLS Listing,,Single Family Residential,430 E Watters Rd,French Camp,CA,95231,359000,3,1.5,French Camp,1208,21780,1948,43,,,Active,,,http://www.redfin.com/CA/French-Camp/430-E-Watters-Rd-95231/home/19784746,MetroList,19005322,N,Y,37.8612082,-121.2711979
MLS Listing,,Multi-Family (2-4 Unit),1726 N Brooks Ave,Fresno,CA,93705,419000,10,6.0,Fresno,4512,13832,1971,44,93,,Active,,,http://www.redfin.com/CA/Fresno/1726-N-Brooks-Ave-93705/home/58383086,FRESNOMLS,516772,N,Y,36.766339,-119.825459
MLS Listing,,Single Family Residential,67350 N Laguna Dr,Cathedral City,CA,92234,569000,3,3.5,Cathedral City North,2101,7841,2015,44,271,640,Active,,,http://www.redfin.com/CA/Cathedral-City/67350-N-Laguna-Dr-92234/home/62301349,PALM,19-428016PS,N,Y,33.8378223,-116.4868103
MLS Listing,,Condo/Co-op,5032 Scholarship,Irvine,CA,92612,625000,1,1.5,AA - Airport Area,1349,,2005,45,463,981,Active,,,http://www.redfin.com/CA/Irvine/5032-Scholarship-92612/home/12255049,CRMLS,OC19019411,N,Y,33.6666191,-117.8528982
MLS Listing,,Single Family Residential,13561 Woolsey Way,Agua Dulce,CA,91390,975000,7,5.0,ADUL - Agua Dulce,5090,203024,1960,45,192,,Active,,,http://www.redfin.com/CA/Santa-Clarita/13561-Woolsey-Way-91390/home/6363242,CRMLS,BB19018316,N,Y,34.4855684,-118.373998
MLS Listing,,Single Family Residential,340 Juanita St,La Habra,CA,90631,500000,4,2.0,87 - La Habra,1102,5883,1957,45,454,,Active,,,http://www.redfin.com/CA/La-Habra/340-Juanita-St-90631/home/4133803,CRMLS,PW19009604,N,Y,33.9345206,-117.9258759
MLS Listing,,Single Family Residential,5082 Don Pio Dr,Woodland Hills,CA,91364,699000,3,2.0,WHLL - Woodland Hills,1742,6850,1961,45,401,,Active,,,http://www.redfin.com/CA/Woodland-Hills/5082-Don-Pio-Dr-91364/home/4180589,CRMLS,BB19019051,N,Y,34.1617457,-118.6042571
MLS Listing,,Single Family Residential,328 Jacquelyn Ln,Petaluma,CA,94952,869000,4,2.5,Petaluma West,2510,3419,2011,46,346,180,Active,,,http://www.redfin.com/CA/Petaluma/328-Jacquelyn-Ln-94952/home/40097357,BAREIS,21901487,N,Y,38.2259533,-122.6156239
MLS Listing,,Single Family Residential,4253 Narraganset Way,Mather,CA,95655,449000,4,3.0,Mather Air Force Base,2857,7758,2000,46,,78,Active,,,http://www.redfin.com/CA/Mather/4253-Narraganset-Way-95655/home/19116062,MetroList,19001121,N,Y,38.5472353,-121.2788421
MLS Listing,,Single Family Residential,8643 Little Wood Cir,Elk Grove,CA,95624,414900,4,3.0,Elk Grove,1918,5223,1997,46,,,Active,,,http://www.redfin.com/CA/Elk-Grove/8643-Little-Wood-Cir-95624/home/19311372,MetroList,19004259,N,Y,38.4376809,-121.3831301
MLS Listing,,Single Family Residential,46155 Sandia Creek Dr,Temecula,CA,92590,881999,4,2.0,202 - Temecula-Hills West,2875,257004,1988,46,307,5,Active,,,http://www.redfin.com/CA/Temecula/46155-Sandia-Creek-Dr-92590/home/6195171,CRMLS,SW19018106,N,Y,33.476648,-117.226936
MLS Listing,,Condo/Co-op,755 Tennessee St #4,San Francisco,CA,94107,1750000,2,2.0,Central Waterfront,1684,,1998,46,1039,483,Active,,,http://www.redfin.com/CA/San-Francisco/755-Tennessee-St-94107/unit-4/home/929005,San Francisco MLS,479932,N,Y,37.7623361,-122.3893544
MLS Listing,,Condo/Co-op,933 Addison St Unit A,Berkeley,CA,94710,499000,2,1.0,West Berkeley,744,,1986,46,671,476,Active,,,http://www.redfin.com/CA/Berkeley/933-Addison-St-94710/unit-A/home/1965710,Bridge MLS,40851027,N,Y,37.867487,-122.2946952
MLS Listing,,Condo/Co-op,8167 Vineyard Ave #88,Rancho Cucamonga,CA,91730,375000,3,2.5,688 - Rancho Cucamonga,1221,1221,1986,46,307,285,Active,,,http://www.redfin.com/CA/Rancho-Cucamonga/8167-Vineyard-Ave-91730/unit-88/home/3290237,CRMLS,EV19017992,N,Y,34.105387,-117.6090856
MLS Listing,,Condo/Co-op,797 Wonder Ln,Costa Mesa,CA,92627,799900,3,3.0,C2 - Southwest Costa Mesa,1738,2500,2016,47,460,125,Active,,,http://www.redfin.com/CA/Costa-Mesa/797-Wonder-Ln-92627/home/143915739,CRMLS,OC19002379,N,Y,33.6479699,-117.9314638
MLS Listing,,Single Family Residential,13757 Oak Crest Dr,Cerritos,CA,90703,949900,5,3.0,RA - Cerritos North of 91 Frwy,2520,6303,1971,47,377,,Active,March-17-2019 01:00 PM,March-17-2019 04:00 PM,http://www.redfin.com/CA/Cerritos/13757-Oak-Crest-Dr-90703/home/7459418,CRMLS,PW19004324,N,Y,33.8782854,-118.0379803
MLS Listing,,Single Family Residential,25711 Wood Brook Rd,Laguna Hills,CA,92653,1035000,4,2.5,S2 - Laguna Hills,2880,6325,1989,47,359,125,Active,,,http://www.redfin.com/CA/Laguna-Hills/25711-Wood-Brook-Rd-92653/home/4865158,CRMLS,OC19015293,N,Y,33.5775349,-117.6813887
MLS Listing,,Condo/Co-op,3241 San Amadeo Unit 1D,Laguna Woods,CA,92637,449900,2,2.0,LW - Laguna Woods,1175,,1972,47,383,657,Active,,,http://www.redfin.com/CA/Laguna-Woods/3241-San-Amadeo-92637/unit-1D/home/5341050,CRMLS,OC19016671,N,Y,33.6065453,-117.7428228
MLS Listing,,Condo/Co-op,1006 Terra Bella,Irvine,CA,92602,585000,2,2.5,NK - Northpark,1204,,2000,47,486,444,Active,,,http://www.redfin.com/CA/Irvine/1006-Terra-Bella-92602/home/5794328,CRMLS,OC19017374,N,Y,33.7288585,-117.7745165
MLS Listing,,Townhouse,571 Kiholo Ter,SUNNYVALE,CA,94089,1460000,3,2.5,SUNNYVALE,1600,1066,2004,47,913,250,Active,,,http://www.redfin.com/CA/Sunnyvale/571-Kiholo-Ter-94089/home/1053528,MLSListings,ML81735229,N,Y,37.4019112,-122.0120381
MLS Listing,,Condo/Co-op,1042 Jackson St,San Francisco,CA,94133,1675000,4,3.0,Nob Hill,1600,,1920,48,1047,410,Active,,,http://www.redfin.com/CA/San-Francisco/1042-Jackson-St-94133/home/1450579,San Francisco MLS,480422,N,Y,37.7954586,-122.4122859
MLS Listing,,Single Family Residential,191 San Felipe Ave,San Francisco,CA,94127,2495000,3,3.0,Monterey Heights,2850,3933,1926,48,875,,Active,,,http://www.redfin.com/CA/San-Francisco/191-San-Felipe-Ave-94127/home/1212225,San Francisco MLS,480415,N,Y,37.7323193,-122.4634647
MLS Listing,,Condo/Co-op,28542 Pietro Dr,Valencia,CA,91354,527000,3,2.5,VLWC - Valencia West Creek,1730,80717,2009,48,305,261,Active,,,http://www.redfin.com/CA/Valencia/28542-N-Pietro-Dr-91354/unit-18/home/17227253,CRMLS,BB19016792,N,Y,34.45734,-118.557738
MLS Listing,,Single Family Residential,2595 Sulphur Dr,Hayward,CA,94541,774000,3,2.5,Fairview,1621,5076,1956,48,477,,Active,,,http://www.redfin.com/CA/Hayward/2595-Sulphur-Dr-94541/home/1472897,Bridge MLS,40850733,N,Y,37.6717806,-122.0538921
MLS Listing,,Multi-Family (2-4 Unit),4033 51st St,Sacramento,CA,95820,349900,3,2.0,Sacramento Elder Creek/Fruitridge,1546,6207,1935,48,,,Active,,,http://www.redfin.com/CA/Sacramento/4033-51st-St-95820/home/19413444,MetroList,19004208,N,Y,38.5377273,-121.4464772
MLS Listing,,Single Family Residential,420 S Benton Way,Los Angeles,CA,90057,599000,2,1.0,C23 - Metropolitan,842,1338,1922,48,711,,Active,,,http://www.redfin.com/CA/Los-Angeles/420-S-Benton-Way-90057/home/6935218,CRMLS,CV19015988,N,Y,34.0646471,-118.2808471
MLS Listing,,Condo/Co-op,359 Waller St #2,San Francisco,CA,94117,1175000,3,1.0,Hayes Valley,1163,,1905,48,1010,333,Active,,,http://www.redfin.com/CA/San-Francisco/359-Waller-St-94117/unit-2/home/12354756,San Francisco MLS,480387,N,Y,37.7710786,-122.4295845
MLS Listing,,Single Family Residential,26 Withers Ct,Lafayette,CA,94549,1849000,5,5.0,Lafayette,4350,20000,2017,52,425,,Active,,,http://www.redfin.com/CA/Lafayette/26-Withers-Ct-94549/home/23405614,Bridge MLS,40850459,N,Y,37.9331009,-122.0942428
MLS Listing,,Single Family Residential,400 Baja Ct,Brentwood,CA,94513,529900,4,3.0,Brentwood,2345,2719,2017,52,226,97,Active,,,http://www.redfin.com/CA/Brentwood/400-Baja-Ct-94513/home/112887679,Bridge MLS,40850414,N,Y,37.9196308,-121.6860009
MLS Listing,,Single Family Residential,3129 Zeus Ln,Roseville,CA,95661,399000,2,2.0,Roseville-East/Zip 95661,1425,2470,1998,52,,100,Active,,,http://www.redfin.com/CA/Roseville/3129-Zeus-Ln-95661/home/19515776,MetroList,19003344,N,Y,38.7516135,-121.2282334
MLS Listing,,Single Family Residential,30 Via Torina,San Clemente,CA,92673,1725000,5,4.5,TL - Talega,4061,5989,2015,53,425,200,Active,,,http://www.redfin.com/CA/San-Clemente/30-Via-Torina-92673/home/7204541,CRMLS,OC19011121,N,Y,33.4776497,-117.5883101
MLS Listing,,Single Family Residential,27522 Halcon,Mission Viejo,CA,92691,799000,6,3.0,MN - Mission Viejo North,2730,5227,1977,53,293,20,Active,,,http://www.redfin.com/CA/Mission-Viejo/27522-Halcon-92691/home/5110762,CRMLS,OC19013131,N,Y,33.6472478,-117.6507954
MLS Listing,,Condo/Co-op,46326 Cask Ln,Temecula,CA,92592,539999,3,2.5,213 - Temecula-South,2282,436,2017,53,237,165,Active,,,http://www.redfin.com/CA/Temecula/46326-Cask-Ln-92592/home/148620598,CRMLS,SW19003524,N,Y,33.4567095,-117.0885814
MLS Listing,,Single Family Residential,6572 Amherst Way,Cypress,CA,90630,579000,4,3.0,"57 - Cypress N of Orangewood, S Of Katella",1547,2054,1974,53,374,270,Active,,,http://www.redfin.com/CA/Cypress/6572-Amherst-Way-90630/home/3946209,CRMLS,OC19007281,N,Y,33.7968965,-118.0182804
MLS Listing,,Single Family Residential,29288 Sandpiper Dr,Lake Elsinore,CA,92530,389900,3,2.0,245 - Lake Elsinore North,2003,12632,2006,53,195,132,Active,,,http://www.redfin.com/CA/Lake-Elsinore/29288-Sandpiper-Dr-92530/home/6623646,CRMLS,SW19011733,N,Y,33.6921899,-117.4050002
MLS Listing,,Condo/Co-op,10151 Pine Cone Rd,Truckee,CA,96161,419000,2,2.0,Ponderosa Palisades,1302,,1999,53,322,310,Active,,,http://www.redfin.com/CA/Truckee/10151-Pine-Cone-Rd-96161/home/45716895,TSMLS,20190096,N,Y,39.3231791,-120.1783107
MLS Listing,,Single Family Residential,9453 Emerald Cove Ln,Elk Grove,CA,95758,649900,3,2.0,Elk Grove,2494,8969,2000,53,,190,Active,,,http://www.redfin.com/CA/Elk-Grove/9453-Emerald-Cove-Ln-95758/home/19289661,MetroList,19003096,N,Y,38.4137981,-121.4767487
MLS Listing,,Single Family Residential,3914 Brilliant Dr,Los Angeles,CA,90065,1249500,3,3.0,623 - Glassel Park,2451,6307,1986,55,510,,Active,,,http://www.redfin.com/CA/Los-Angeles/3914-Brilliant-Dr-90065/home/7074555,CRMLS,BB19010667,N,Y,34.1131065,-118.2250449
MLS Listing,,Single Family Residential,935 S Euclid Ave,Pasadena,CA,91106,897000,3,2.0,647 - Pasadena (SW),1617,6005,1957,55,555,,Active,,,http://www.redfin.com/CA/Pasadena/935-S-Euclid-Ave-91106/home/7188488,CRMLS,PF19010378,N,Y,34.129595,-118.1431055
MLS Listing,,Single Family Residential,5306 N Carlsbad Ave,Fresno,CA,97322,265000,3,2.0,Fresno,1661,7140,1984,55,160,,Active,,,http://www.redfin.com/CA/Fresno/5306-N-Carlsbad-Ave-93722/home/58286573,FRESNOMLS,516073,N,Y,36.8135787,-119.8739947
MLS Listing,,Single Family Residential,2809 Duray Pl,Los Angeles,CA,90016,499000,2,1.0,C16 - Mid Los Angeles,684,1676,1922,56,730,,Active,,,http://www.redfin.com/CA/Los-Angeles/2809-Duray-Pl-90016/home/6887564,CRMLS,BB19010451,N,Y,34.0290245,-118.360522
MLS Listing,,Single Family Residential,13171 Sussex Pl,Santa Ana,CA,92705,928888,4,2.5,NTS - North Tustin,2074,10000,1957,56,448,,Active,March-16-2019 01:00 PM,March-16-2019 04:00 PM,http://www.redfin.com/CA/Santa-Ana/13171-Sussex-Pl-92705/home/4440341,CRMLS,PW19009483,N,Y,33.7709493,-117.8105124
MLS Listing,,Single Family Residential,2799 Alliston Loop,Dublin,CA,94568,1088000,4,3.5,Dublin,2327,3024,2016,56,468,129,Active,,,http://www.redfin.com/CA/Dublin/2799-Alliston-Loop-94568/home/112777163,Bridge MLS,40849961,N,Y,37.7094726,-121.852562
MLS Listing,,Condo/Co-op,1315 Alma Dr #314,Walnut Creek,CA,94596,455000,1,1.0,Downtown W.Creek,681,,2002,56,668,478,Active,,,http://www.redfin.com/CA/Walnut-Creek/1315-Alma-Ave-94596/unit-314/home/2109135,Bridge MLS,40849923,N,Y,37.8938738,-122.0646378
MLS Listing,,Single Family Residential,369 Greendale Way,REDWOOD CITY,CA,94062,1798000,3,3.5,REDWOOD CITY,2180,9225,2003,56,825,,Active,,,http://www.redfin.com/CA/Emerald-Hills/369-Greendale-Way-94062/home/1767149,MLSListings,ML81735143,N,Y,37.4722237,-122.2690442
MLS Listing,,Condo/Co-op,12812 Timber Rd #23,Garden Grove,CA,92840,418000,3,2.0,"72 - Orange & Garden Grove, E of Harbor, N of 22 F",1415,,1978,57,295,410,Active,,,http://www.redfin.com/CA/Garden-Grove/12812-Timber-Rd-92840/unit-23/home/148713853,CRMLS,OC19003835,N,Y,33.7772239,-117.910863
MLS Listing,,Condo/Co-op,673 E Arenas Rd,Palm Springs,CA,92262,499800,2,2.5,Palm Springs Central,1593,1742,2003,59,314,450,Active,,,http://www.redfin.com/CA/Palm-Springs/673-E-Arenas-Rd-92262/unit-14/home/6455183,PALM,19-423084PS,N,Y,33.820652,-116.541028
MLS Listing,,Single Family Residential,2628 Doville Ranch Rd,Fallbrook,CA,92028,769000,5,3.5,Temecula-Hills West,3887,204296,1993,59,198,,Active,,,http://www.redfin.com/CA/Fallbrook/2628-Doville-Ranch-Rd-92028/home/3044927,PALM,19-423062PS,N,Y,33.452907,-117.264048
MLS Listing,,Single Family Residential,29 W Maple St,Stockton,CA,95204,240000,3,1.0,Central Stockton,999,4901,1916,59,,,Active,,,http://www.redfin.com/CA/Stockton/29-W-Maple-St-95204/home/19804642,MetroList,19002031,N,Y,37.9704746,-121.2973473
MLS Listing,,Single Family Residential,4805 Brompton Ct,Carmichael,CA,95608,874900,4,3.0,Carmichael,2935,14000,1974,59,,,Active,,,http://www.redfin.com/CA/Carmichael/4805-Brompton-Ct-95608/home/19123206,MetroList,19001883,N,Y,38.5824507,-121.3475737
MLS Listing,,Single Family Residential,6017 Opera Way,Roseville,CA,95747,559000,3,2.0,West Roseville/zip 95747,2606,7327,2014,59,,,Active,,,http://www.redfin.com/CA/Roseville/6017-Opera-Way-95747/home/56996223,MetroList,19001739,N,Y,38.77864,-121.3876186
MLS Listing,,Single Family Residential,30913 Corte De Los Santos,Temecula,CA,92592,429900,3,2.5,211 - Temecula-Central North,1788,7405,1988,59,240,15,Active,,,http://www.redfin.com/CA/Temecula/30913-Corte-De-Los-Santos-92592/home/6227400,CRMLS,SW19007947,N,Y,33.5032731,-117.1194205
